sequence_key,sequence,P_DISS,UGB,AV0,PM,SETTLING_TIME,OFFSET,PSRR,CMRR
f07d18ce8f1dbf2be840ef95acd529ce0c35b405,CIRCUIT_Opamp->VSS->R_C->R11->R_C->NET1->M_S->NM28->M_DG->NET3->R_C->R27->R_C->VIN1->R_C->R21->R_C->NET3->M_G->NM28->M_B->VSS->M_B->NM17->M_G->VB3->M_G->NM17->M_B->VSS->C_C->C13->C_C->IB1->M_S->NM17->M_D->VDD->R_C->R26->R_C->VOUT1->M_D->NM14->M_BS->VSS->M_B->NM28->M_B->VSS->M_B->NM28->M_B->VSS->M_B->NM14->M_S->VSS->C_C->C5->C_C->NET2->R_C->R9->R_C->NET1->M_S->NM28->M_B->VSS->C_C->C1->C_C->NET2->M_G->NM14->M_D->VOUT1->R_C->R24->R_C->VDD->R_C->R15->R_C->VOUT1->C_C->C6->C_C->VSS,,,,,,,,
e51a4307801f838b4bf6a0c08117f4e05f55ca1d,CIRCUIT_Opamp->VSS->M_BDGS->NM27->M_B->VSS->C_C->C7->C_C->VOUT1->M_D->NM8->M_S->NET2->M_D->NM3->M_B->VSS->M_B->NM8->M_G->IB1->M_G->NM8->M_D->VOUT1->R_C->R2->R_C->VDD->R_C->R11->R_C->VOUT1->M_D->NM8->M_S->NET2->M_D->NM3->M_S->NET2->M_S->NM3->M_G->VIN2->M_G->NM3->M_B->VSS,,,,,,,,
4b08a4a7c1801cd5d25256b5be4a8009ddf2f284,CIRCUIT_Opamp->VSS->M_BG->NM29->M_D->VOUT2->R_C->R2->R_C->VDD->R_C->R11->R_C->VOUT1->M_D->NM5->M_G->VIN1->M_G->NM5->M_B->VSS->M_B->NM5->M_S->IB2->M_S->NM29->M_G->VSS,,,,,,,,
f2a8afe818aa6f8143a8a0b119212099e5892770,CIRCUIT_Opamp->VSS->L_C->L8->L_C->NET4->C_C->C7->C_C->NET2->L_C->L13->L_C->NET3->C_C->C3->C_C->VSS->C_C->C5->C_C->NET1->L_C->L19->L_C->VSS->M_B->NM5->M_S->NET3->M_S->NM5->M_D->VOUT1->R_C->R24->R_C->VDD->L_C->L16->L_C->VOUT1->M_D->NM5->M_G->VDD->R_C->R11->R_C->VOUT1->M_D->NM5->M_B->VSS->R_C->R26->R_C->NET2->M_G->NM23->M_B->VSS->M_B->NM23->M_D->NET1->M_S->NM23->M_G->NET2->C_C->C13->C_C->VSS->C_C->C9->C_C->IB1->C_C->C1->C_C->VSS->M_BS->NM15->M_G->VIN1->M_G->NM15->M_D->NET3->M_S->NM5->M_B->VSS,,,,,,,,
486a79a9236342a6f23a0b068e1003f39b6abfb1,CIRCUIT_Opamp->VSS->M_B->NM13->M_D->VOUT1->R_C->R24->R_C->VDD->R_C->R11->R_C->VOUT1->M_D->NM13->M_S->NET1->R_C->R26->R_C->VIN1->R_C->R21->R_C->NET1->M_S->NM13->M_G->VB1->M_G->NM13->M_B->VSS,,,,,,,,
b15f658a7d8ebd3fa635d147a1759b743b0b128b,CIRCUIT_Opamp->VSS->M_BS->NM28->M_DG->NET2->M_G->NM5->M_BS->VSS->M_BS->NM24->M_D->NET1->M_G->PM24->M_BS->VDD->M_BS->PM10->M_DG->NET1->M_G->PM34->M_D->NET3->M_S->PM19->M_D->NET8->M_DG->NM16->M_BS->VSS->M_BS->NM15->M_G->NET4->M_DG->NM20->M_BS->VSS->M_BS->NM5->M_D->VOUT1->M_D->PM24->M_BS->VDD->M_BS->PM34->M_D->NET3->M_S->PM13->M_B->NET6->M_B->PM19->M_G->VIN2->M_G->PM19->M_S->NET3->M_S->PM13->M_D->NET8->M_G->NM25->M_BS->VSS->M_BS->NM25->M_G->NET8->M_D->PM13->M_G->VIN1->M_G->PM13->M_S->NET3->M_D->PM34->M_BS->VDD->M_BS->PM10->M_DG->NET1->M_D->NM24->M_G->VB1->M_DG->NM1->M_BS->VSS->M_BS->NM25->M_D->VOUT1->C_C->C13->C_C->NET5->M_D->NM15->M_BS->VSS,,,,,,,,
8b98e27d15b4d41a3525097fb80aed1d79a10597,CIRCUIT_Opamp->VSS->M_B->NM26->M_G->VIN2->M_G->NM26->M_B->VSS->M_B->NM26->M_S->IB1->M_S->NM26->M_D->VOUT2->M_D->PM10->M_S->NET2->M_D->PM11->M_G->NET1->M_D->NM1->M_G->VIN1->M_G->NM1->M_S->IB1->M_S->NM26->M_D->VOUT2->M_D->PM10->M_G->NET1->M_G->PM11->M_BS->VDD->M_B->PM10->M_G->NET1->M_DG->PM34->M_BS->VDD->M_BS->PM11->M_G->NET1->M_D->NM1->M_B->VSS,,,,,,,,
c6f14f2ac4b9828254ce0e59cfdff04258e8f04d,CIRCUIT_Opamp->VSS->M_BS->NM23->M_D->VOUT1->M_D->PM24->M_G->NET1->M_D->NM18->M_S->NET4->M_D->NM24->M_BS->VSS->M_BS->NM26->M_G->NET2->M_DG->NM16->M_BS->VSS->M_B->NM18->M_G->VIN2->M_G->NM18->M_B->VSS->M_BS->NM26->M_D->NET3->M_G->PM2->M_BS->VDD->M_B->PM24->M_S->IB1->M_S->PM12->M_D->NET1->M_G->PM32->M_D->NET2->M_G->NM24->M_D->NET4->M_S->NM18->M_D->NET1->M_DG->PM23->M_BS->VDD->M_BS->PM32->M_G->NET1->M_G->PM24->M_D->VOUT1->M_D->NM23->M_G->NET2->M_D->PM2->M_G->NET3->M_DG->PM8->M_BS->VDD->M_B->PM12->M_G->VIN1->M_G->PM12->M_D->NET1->M_DG->PM23->M_DG->NET1->M_D->NM18->M_B->VSS,,,,,,,,
810e23782687b1d6a7e40208f4581fc604ce231d,CIRCUIT_Opamp->VSS->M_BS->NM33->M_D->VOUT1->M_D->PM12->M_B->NET6->M_B->PM34->M_D->NET4->M_G->NM33->M_BS->VSS->M_BS->NM22->M_D->NET3->M_G->PM24->M_BS->VDD->M_BS->PM7->M_DG->NET2->M_G->PM25->M_BS->VDD->M_BS->PM1->M_DG->NET3->M_D->NM22->M_BS->VSS->M_BS->NM16->M_G->VB2->R_C->R21->R_C->NET1->M_D->NM16->M_D->NET1->M_G->NM22->M_BS->VSS->M_BS->NM22->M_D->NET3->M_G->PM12->M_S->NET1->M_G->NM22->M_D->NET3->M_DG->PM1->M_BS->VDD->M_BS->PM24->M_D->VB1->M_G->NM27->M_BS->VSS->M_BS->NM27->M_D->NET2->M_D->NM27->M_BS->VSS->M_BS->NM27->M_G->VB1->M_D->PM24->M_BS->VDD->M_BS->PM25->M_D->NET1->M_S->PM34->M_G->VIN2->M_G->PM34->M_S->NET1->M_S->PM12->M_G->NET3->M_D->NM22->M_BS->VSS,,,,,,,,
57799e03f2391c3ead4c48f75aff10efec889033,CIRCUIT_Opamp->VSS->M_BS->NM33->M_BD->VSS->R_C->R11->R_C->NET2->M_G->PM10->M_BS->VDD->M_BS->PM1->M_G->NET2->M_S->PM23->M_B->VDD->M_B->PM30->M_G->NET1->M_D->NM35->M_G->VIN1->M_S->PM30->M_D->NET1->M_DG->NM26->M_BS->VSS->C_C->C13->C_C->VOUT1->M_D->PM1->M_BS->VDD->M_BS->PM10->M_D->VOUT1->M_D->NM24->M_G->NET1->M_D->PM30->M_S->VIN1->M_S->PM30->M_G->NET1->M_G->NM24->M_BS->VSS->M_BS->NM35->M_BS->VSS->M_BS->NM33->M_G->NET1->M_G->NM24->M_BS->VSS->M_BS->NM24->M_BS->VSS->M_BS->NM33->M_D->VSS->M_BS->NM35->M_D->NET1->M_G->NM24->M_BS->VSS->M_BS->NM24->M_D->VOUT1->M_D->PM10->M_BS->VDD->M_B->PM23->M_DG->NET2->M_G->PM1->M_BS->VDD->M_BS->PM10->M_G->NET2->R_C->R9->R_C->VSS,,,,,,,,
c0bb632d1824a1695c470f36856a06e22ac60a1c,CIRCUIT_Opamp->VSS->M_BS->NM33->M_GS->VSS->M_B->NM23->M_D->VOUT2->M_D->PM15->M_G->VB1->M_G->PM15->M_BS->VDD->M_B->PM1->M_G->VB2->M_G->PM1->M_B->VDD->M_B->PM15->M_S->VDD->M_S->PM1->M_D->NET1->M_D->NM33->M_D->NET1->M_D->PM1->M_S->VDD->M_S->PM15->M_B->VDD->M_B->PM1->M_S->VDD->M_D->PM3->M_S->IB1->M_S->PM3->M_D->VDD->M_D->PM3->M_G->VIN1->M_G->PM3->M_D->VDD->M_D->PM3->M_B->VDD->M_B->PM1->M_D->NET1->M_G->NM23->M_G->NET1->M_G->NM23->M_BS->VSS,,,,,,,,
763acf21bb73edd92f3d7b6dd2cbb2cec9310863,CIRCUIT_Opamp->VSS->M_B->NM3->M_G->VIN1->M_G->NM3->M_B->VSS->M_BS->NM35->M_G->NET3->M_DG->NM14->M_BS->VSS->M_BS->NM17->M_G->NET3->M_G->NM35->M_D->NET2->M_DG->PM1->M_BS->VDD->M_BS->PM24->M_G->NET2->M_G->PM34->M_D->NET1->M_D->NM3->M_S->NET4->M_S->NM3->M_D->NET1->C_C->C1->C_C->VOUT1->M_D->PM24->M_BS->VDD->M_BS->PM34->M_BS->VDD->M_BS->PM34->M_G->NET2->M_D->NM35->M_G->NET3->M_D->PM23->M_G->NET1->M_D->NM3->M_S->NET4->M_D->NM17->M_G->NET3->R_C->R2->R_C->VSS->M_B->NM3->M_D->NET1->M_G->PM23->M_BS->VDD->M_BS->PM24->M_G->NET2->M_D->NM35->M_BS->VSS,,,,,,,,
7b8ead6c06feed78058e7c4a90889b365630f609,CIRCUIT_Opamp->VSS->M_S->NM16->M_G->VIN1->M_G->NM16->M_S->VSS->M_B->NM16->M_D->VOUT2->M_D->PM29->M_G->VB1->M_G->PM10->M_D->VOUT2->M_D->NM16->M_B->VSS->M_B->NM11->M_D->VOUT1->M_D->NM11->M_G->VIN2->M_G->NM11->M_S->IB1->M_S->NM11->M_B->VSS->M_B->NM16->M_S->VSS->M_B->NM16->M_D->VOUT2->M_D->PM10->M_BS->VDD->M_BS->PM29->M_BS->VDD->M_BS->PM10->M_D->VOUT2->M_D->NM16->M_B->VSS,,,,,,,,
ffaf85cd6dcfe96008a546a31a8a76188079f1e0,CIRCUIT_Opamp->VSS->M_BG->NM5->M_D->VOUT1->M_G->NM17->M_S->IB2->M_S->NM5->M_G->VSS->M_B->NM17->M_D->VOUT2->M_D->PM12->M_B->VDD->R_C->R24->R_C->VOUT1->M_D->NM12->M_G->VIN1->M_G->NM26->M_D->VOUT1->M_DG->PM24->M_BS->VDD->M_B->PM12->M_S->IB2->M_S->PM12->M_G->VIN2->M_G->PM12->M_D->VOUT2->M_D->NM17->M_S->IB2->M_S->NM5->M_G->VSS->M_B->NM5->M_D->VOUT1->M_D->PM21->M_S->IB5->M_S->PM21->M_G->VCM1->M_G->PM21->M_B->VDD->M_B->PM21->M_D->VOUT1->M_DG->PM24->M_BS->VDD->M_B->PM12->M_D->VOUT2->M_D->NM17->M_B->VSS->M_B->NM17->M_G->VOUT1->M_DG->PM24->M_BS->VDD->M_B->PM21->M_D->VOUT1->M_D->PM21->M_B->VDD->M_B->PM24->M_S->VDD->M_S->PM24->M_DG->VOUT1->M_D->NM5->M_B->VSS->M_BS->NM12->M_BS->VSS->M_BS->NM26->M_BS->VSS,,,,,,,,
7f91cd2ec3a9e3187f3f371275278c97d764120b,CIRCUIT_Opamp->VSS->L_C->L3->L_C->NET2->M_S->NM28->M_G->VIN2->M_G->NM28->M_S->NET2->M_S->NM28->M_B->VSS->C_C->C7->C_C->NET1->L_C->L5->L_C->IB1->R_C->R11->R_C->NET1->C_C->C9->C_C->VOUT1->L_C->L8->L_C->VDD->L_C->L13->L_C->VOUT1->M_D->NM28->M_B->VSS,,,,,,,,
f664a9f1e4ec94f943b443724a83746255d38e2a,CIRCUIT_Opamp->VSS->M_BS->PM6->M_DG->NET2->M_G->PM24->M_BS->VDD->M_BS->PM10->M_G->NET1->M_D->NM23->M_BS->VSS->M_BS->NM23->M_D->NET1->M_G->PM10->M_D->NET3->M_S->PM19->M_B->NET6->M_B->PM26->M_S->NET3->M_D->PM10->M_G->NET1->M_D->NM23->M_BS->VSS->M_BS->NM35->M_DG->NET4->M_G->NM23->M_BS->VSS->M_BS->NM27->M_DG->VB1->M_D->PM24->M_G->NET2->R_C->R26->R_C->VSS->M_BS->NM35->M_DG->NET4->M_D->PM19->M_G->VIN1->M_G->PM19->M_S->NET3->M_S->PM26->M_D->NET5->C_C->C1->C_C->VOUT1->M_D->NM28->M_G->NET5->M_D->PM26->M_G->VIN2->M_G->PM26->M_D->NET5->M_G->NM28->M_BS->VSS,,,,,,,,
4ee21f0f2d295139345e8af7a69379ca02fb2798,CIRCUIT_Opamp->VSS->M_GS->NM29->M_D->NET2->M_G->PM4->M_BS->VDD->R_C->R24->R_C->NET1->M_D->NM4->M_G->VIN1->M_G->NM4->M_BS->VSS->M_BS->NM4->M_D->NET1->M_G->PM32->M_D->NET3->M_S->PM14->M_B->VDD->M_BS->PM32->M_D->NET3->M_D->PM32->M_G->NET1->M_D->NM4->M_BS->VSS->M_BS->NM4->M_BS->VSS->M_BS->NM24->M_D->VOUT1->M_D->PM4->M_BS->VDD->M_B->PM14->M_S->NET3->M_S->PM14->M_D->NET2->M_G->PM4->M_G->NET2->M_D->NM29->M_B->VSS->M_BS->NM24->M_G->VB1->M_G->NM24->M_D->VOUT1->C_C->C7->C_C->VSS->M_BS->NM4->M_D->NET1->M_G->PM32->M_BS->VDD->M_B->PM14->M_G->VB2->M_G->PM14->M_D->NET2->M_G->PM4->M_D->VOUT1->M_D->NM24->M_BS->VSS,,,,,,,,
13fb689ea58f8cc44957dee2538c3b65c3ddbd70,CIRCUIT_Opamp->VSS->M_BS->NM5->M_D->NET2->M_S->NM35->M_D->NET1->M_S->PM4->M_B->VDD->M_B->PM4->M_G->VB2->M_G->PM4->M_D->VOUT1->M_D->NM21->M_S->NET2->M_S->NM21->M_S->NET2->M_S->NM35->M_B->VSS->M_B->NM35->M_G->VB1->M_G->NM35->M_D->NET1->M_S->PM4->M_D->VOUT1->M_D->NM21->M_B->VSS->M_B->NM21->M_G->VIN1->M_G->NM21->M_S->NET2->M_S->NM35->M_D->NET1->M_D->NM35->M_B->VSS->M_B->NM35->M_D->NET1->M_S->PM4->M_D->VOUT1->M_D->NM21->M_B->VSS->M_B->NM35->M_D->NET1->M_S->PM4->M_D->VOUT1->M_D->NM21->M_B->VSS->M_BS->NM5->M_G->VB3->M_G->NM5->M_BS->VSS,,,,,,,,
40b527a0cfe859cf170b3940ad71850da4e89464,CIRCUIT_Opamp->VSS->M_DGS->NM33->M_G->VSS->C_C->C7->C_C->IB1->M_DG->NM29->M_BS->VSS->C_C->C9->C_C->VOUT1->M_D->PM22->M_G->IB2->M_G->PM22->M_D->VOUT1->M_D->NM14->M_G->IB2->M_G->NM14->M_D->VOUT1->M_D->PM22->M_BS->VDD->M_BS->PM24->M_DG->IB1->C_C->C1->C_C->VSS->M_B->NM14->M_S->VIN1->C_C->C2->C_C->VDD->C_C->C5->C_C->NET1->C_C->C3->C_C->VSS->M_BS->NM33->M_D->VSS,,,,,,,,
657030979da074776aa5e125f14f12d64424d63a,CIRCUIT_Opamp->VSS->L_C->L13->L_C->NET2->M_S->NM33->M_D->VOUT1->M_D->PM22->M_S->NET1->M_D->PM12->M_BS->VDD->M_BS->PM16->M_DG->VOUT2->M_G->PM12->M_D->NET1->M_S->PM22->M_G->VOUT1->M_D->NM33->M_G->VIN1->M_G->NM33->M_S->NET2->M_D->NM17->M_G->VB1->M_G->NM17->M_D->NET2->M_S->NM33->M_B->VSS->M_B->NM33->M_S->NET2->M_D->NM17->M_BS->VSS->M_BS->NM17->M_BS->VSS->R_C->R11->R_C->NET1->M_S->PM22->M_D->VOUT1->M_D->NM33->M_B->VSS->M_B->NM17->M_D->NET2->M_S->NM33->M_B->VSS->M_BS->NM17->M_G->VB1->M_G->NM17->M_BS->VSS->M_B->NM33->M_D->VOUT1->M_D->PM22->M_B->VDD->M_BS->PM12->M_D->NET1->M_S->PM22->M_G->VOUT1->M_D->NM33->M_B->VSS,,,,,,,,
4eb4aa9926a2ef1784c206af2ca1f8f087af93d1,CIRCUIT_Opamp->VSS->M_BS->NM29->M_D->NET4->M_G->NM3->M_D->NET5->M_DG->PM10->M_BS->VDD->M_BS->PM7->M_DG->NET2->M_G->PM12->M_D->NET1->M_S->PM34->M_B->VDD->M_BS->PM12->M_G->NET2->M_D->NM21->M_S->NET3->M_G->NM29->M_G->NET3->R_C->R2->R_C->VSS->M_BS->NM3->M_BS->VSS->M_BS->NM8->M_DG->NET4->M_G->NM3->M_BS->VSS->M_BS->NM8->M_DG->NET4->M_G->NM3->M_BS->VSS->M_BS->NM29->M_D->NET4->M_G->NM22->M_BS->VSS->M_BS->NM3->M_D->NET5->M_G->PM16->M_D->NET4->M_D->PM16->M_BS->VDD->M_BS->PM12->M_D->NET1->M_S->PM34->M_D->VOUT1->M_D->NM22->M_D->VOUT1->M_D->PM34->M_G->VIN2->M_G->PM34->M_D->VOUT1->M_D->NM22->M_BS->VSS->M_B->NM21->M_G->VIN1->M_G->NM21->M_D->NET2->M_D->NM21->M_B->VSS,,,,,,,,
ecee086a03c7703cd8540dcf2865b48f38a4396f,CIRCUIT_Opamp->VSS->M_BS->PM3->M_G->NET1->M_D->NM35->M_G->NET2->M_DG->NM24->M_BS->VSS->M_BS->NM35->M_D->NET1->M_G->PM3->M_D->NET3->M_S->PM24->M_B->NET6->M_B->PM12->M_S->NET3->M_D->PM3->M_D->NET3->M_S->PM24->M_G->VIN2->M_G->PM24->M_D->VOUT1->M_D->NM5->M_BS->VSS->M_BS->NM35->M_BS->VSS->M_BS->NM5->M_D->VOUT1->C_C->C4->C_C->NET5->M_D->PM12->M_G->VIN1->M_G->PM12->M_S->NET3->M_D->PM3->M_BS->VSS->M_BS->NM35->M_G->NET2->R_C->R2->R_C->VDD->M_BS->PM16->M_DG->NET1->M_G->PM3->M_G->NET1->M_D->NM35->M_BS->VSS->M_BS->NM5->M_G->NET5->M_D->PM12->M_S->NET3->M_D->PM3->M_G->NET1->M_D->NM35->M_BS->VSS,,,,,,,,
e88d01847c70e3b8bce1c5467e0cbf792e70db1d,CIRCUIT_Opamp->VSS->M_B->NM23->M_D->VOUT1->M_D->PM1->M_S->NET2->M_D->PM31->M_BS->VDD->M_BS->PM24->M_D->NET2->M_S->PM1->M_G->VB2->M_G->PM1->M_B->VDD->M_BS->PM31->M_G->VB3->M_G->PM24->M_BS->VDD->M_BS->PM31->M_D->NET2->M_S->PM1->M_D->VOUT1->M_D->NM23->M_S->NET1->M_S->NM23->M_G->VB1->M_G->NM23->M_S->NET1->M_D->NM32->M_G->VIN1->M_G->NM32->M_BS->VSS,,,,,,,,
169428507634dbd9c023edf6f7d59b5ff69513c7,CIRCUIT_Opamp->VSS->M_B->PM5->M_G->VB1->M_G->PM23->M_D->VOUT1->M_D->NM35->M_S->NET3->M_D->NM5->M_G->VIN1->M_G->NM5->M_D->NET3->M_S->NM35->M_G->VIN2->M_G->NM35->M_S->NET3->M_D->NM5->M_BS->VSS->M_BS->NM1->M_D->NET1->R_C->R9->R_C->VDD->R_C->R2->R_C->NET2->M_S->PM5->M_D->NET1->M_D->NM1->M_BS->VSS->M_BS->NM5->M_BS->VSS->M_BS->NM1->M_G->VB1->M_G->NM1->M_D->NET1->M_G->PM11->M_D->NET2->M_S->PM5->M_D->NET1->M_D->NM1->M_BS->VSS->M_B->NM35->M_D->VOUT1->M_D->PM23->M_S->NET2->M_S->PM23->M_B->VDD->M_BS->PM11->M_D->NET2->M_S->PM5->M_D->NET1->M_D->NM1->M_BS->VSS,,,,,,,,
bc7316483157f2727e75d914962b8f68974b2ec5,CIRCUIT_Opamp->VSS->M_B->NM5->M_D->NET2->M_G->PM1->M_D->NET1->M_D->NM1->M_B->VSS->M_BS->NM28->M_D->VOUT1->M_D->PM33->M_BS->VDD->M_BS->PM1->M_G->NET2->M_D->NM5->M_B->VSS->M_B->NM1->M_G->VIN1->M_G->NM1->M_S->IB1->M_S->NM5->M_G->VIN2->M_G->NM5->M_S->IB1->M_S->NM1->M_D->NET1->M_DG->PM17->M_BS->VDD->R_C->R27->R_C->VOUT1->M_D->NM28->M_G->NET1->M_D->NM1->M_B->VSS->M_B->NM5->M_S->IB1->M_S->NM5->M_D->NET2->M_DG->PM19->M_BS->VDD->M_BS->PM33->M_G->NET1->M_G->NM28->M_BS->VSS,,,,,,,,
71424195daf1795ab011b217ae25d41532c7058e,CIRCUIT_Opamp->VSS->B_BCE->PNP11->B_E->VSS->M_B->NM26->M_D->NET1->M_G->PM4->M_D->VOUT1->M_D->NM3->M_G->VIN1->M_G->NM3->M_B->VSS->C_C->C7->C_C->VOUT2->C_C->C9->C_C->VSS->M_B->NM3->M_S->IB1->M_S->NM26->M_G->VIN2->M_G->NM26->M_S->IB1->M_S->NM3->M_B->VSS->C_C->C13->C_C->VOUT1->M_D->PM4->M_G->NET1->M_DG->PM3->M_BS->VDD->M_BS->PM4->M_G->NET1->M_D->NM26->M_S->IB1->M_S->NM3->M_B->VSS,,,,,,,,
aee6ab91febbc5572f74d0edc181099c6b5f8e73,CIRCUIT_Opamp->VSS->M_GS->NM9->M_B->VSS->M_B->NM35->M_G->VIN2->M_G->NM35->M_B->VSS->L_C->L16->L_C->VOUT1->C_C->C9->C_C->VSS->L_C->L5->L_C->NET1->M_S->NM35->M_D->VOUT1->L_C->L13->L_C->VDD->L_C->L22->L_C->VOUT1->M_D->NM35->M_S->NET1->M_D->NM9->M_G->VSS,,,,,,,,
8ca3ddccb7a2aad1a9dee365c56ec0c0a178098d,CIRCUIT_Opamp->VSS->C_C->C1->C_C->NET1->M_G->PM12->M_D->VOUT1->M_D->NM5->M_B->VSS->C_C->C4->C_C->VOUT1->M_D->NM5->M_S->IB1->M_S->NM5->M_G->VIN1->M_G->NM5->M_B->VSS->C_C->C3->C_C->NET2->C_C->C13->C_C->VSS->M_BS->NM12->M_DG->IB1->C_C->C12->C_C->VSS->M_BS->NM12->M_DG->IB1->C_C->C7->C_C->VSS->M_B->NM5->M_D->VOUT1->M_D->PM12->M_BS->VDD->M_BS->PM12->M_G->NET1->M_DG->PM34->M_DG->NET1->C_C->C5->C_C->VSS->C_C->C2->C_C->NET2->R_C->R26->R_C->VOUT1->M_D->PM12->M_G->NET1->M_D->PM34->M_BS->VDD->M_BS->PM34->M_D->NET1->M_D->PM34->M_D->NET1->C_C->C8->C_C->VSS,,,,,,,,
b4df2b015ce10993c4543aca13c6f704663c253e,CIRCUIT_Opamp->VSS->M_BDG->NM5->M_G->VSS->M_BS->NM29->M_D->NET2->M_S->NM5->M_D->VSS->C_C->C7->C_C->VOUT1->R_C->R1->R_C->VIN1->R_C->R24->R_C->NET1->C_C->C1->C_C->NET2->C_C->C5->C_C->VOUT1->M_D->PM6->M_G->IB1->M_G->PM6->M_BS->VDD->M_BS->PM6->M_D->VOUT1->M_D->NM34->M_G->VDD->M_BS->PM6->M_D->VOUT1->C_C->C13->C_C->VSS->C_C->C4->C_C->NET1->M_G->NM29->M_BS->VSS->M_B->NM34->M_S->VOUT1->M_D->PM6->M_BS->VDD->M_BS->PM6->M_D->VOUT1->C_C->C6->C_C->VSS,,,,,,,,
2b557c19700dd8c36222b94b40139e0f7de6efe4,CIRCUIT_Opamp->VSS->M_DGS->NM6->M_D->VSS->M_BS->NM5->M_G->VIN1->M_G->NM5->M_D->NET1->M_G->PM4->M_D->VOUT1->M_D->NM34->M_G->IB1->M_D->PM6->M_G->NET1->C_C->C3->C_C->VSS->M_BS->NM34->M_BS->VSS->M_BS->NM5->M_D->NET1->R_C->R27->R_C->VDD->M_BS->PM4->M_D->VOUT1->M_D->NM34->M_BS->VSS->C_C->C7->C_C->VOUT1->R_C->R2->R_C->VDD->R_C->R26->R_C->VOUT1->M_D->NM34->M_BS->VSS->C_C->C6->C_C->VOUT1->M_D->PM4->M_BS->VDD->M_BS->PM6->M_D->IB1->M_D->PM6->M_G->NET1->M_D->NM5->M_BS->VSS->M_BS->NM6->M_G->VSS,,,,,,,,
11abcaa668ef324aa318ad60e90100d56675fb13,CIRCUIT_Opamp->VSS->M_BGS->NM9->M_D->NET2->M_S->NM5->M_G->VB1->M_G->NM35->M_S->NET1->M_D->NM14->M_G->VIN1->M_G->NM14->M_B->VSS->M_B->NM5->M_D->VOUT2->R_C->R26->R_C->VDD->R_C->R11->R_C->VOUT1->M_D->NM35->M_B->VSS->M_B->NM14->M_S->NET1->M_S->NM14->M_B->VSS,,,,,,,,
c0be09587d3c15f1aca4c98d8e1651f06849eaf9,CIRCUIT_Opamp->VSS->R_C->R11->R_C->NET2->M_G->PM17->M_D->VB1->M_DG->NM3->M_BS->VSS->M_BS->NM17->M_G->NET4->M_D->PM4->M_B->NET6->M_B->PM29->M_D->NET5->C_C->C3->C_C->VOUT1->M_D->NM17->M_BS->VSS->M_BS->NM17->M_G->NET4->M_D->PM4->M_S->NET3->M_D->PM31->M_BS->VDD->M_BS->PM17->M_G->NET2->M_G->PM31->M_D->NET3->M_S->PM4->M_G->VIN1->M_G->PM4->M_S->NET3->M_S->PM29->M_G->VIN2->M_G->PM29->M_S->NET3->M_S->PM4->M_G->VIN1->M_G->PM4->M_D->NET4->M_G->NM17->M_BS->VSS,,,,,,,,
6a3e0b548691550c812b966670b19b0bb2185f7b,CIRCUIT_Opamp->VSS->M_BDGS->NM16->M_S->VSS->C_C->C3->C_C->NET1->C_C->C9->C_C->VOUT1->R_C->R11->R_C->VDD->R_C->R26->R_C->VOUT1->M_D->NM5->M_S->VIN1->M_S->NM5->M_B->VSS->C_C->C1->C_C->VOUT1->C_C->C6->C_C->NET1->M_G->NM5->M_B->VSS,,,,,,,,
544d1d78d937e9d0ba33a212f9764e1ecc95a6e3,CIRCUIT_Opamp->VSS->M_S->NM29->M_B->VSS->M_BS->NM5->M_G->VB1->M_G->NM5->M_BS->VSS->M_B->NM29->M_S->VSS->M_B->NM29->M_D->VOUT1->M_G->PM14->M_D->VOUT1->M_D->NM29->M_S->VSS->R_C->R24->R_C->NET1->M_G->PM27->M_D->NET2->M_D->NM5->M_D->NET2->M_DG->PM19->M_BS->VDD->M_BS->PM27->M_BS->VDD->M_BS->PM14->M_D->VOUT1->M_D->NM29->M_B->VSS->M_B->NM29->M_G->VIN1->M_G->NM29->M_B->VSS,,,,,,,,
a3e5e5a1608317e6c91fb71a51fc14028ed1d970,CIRCUIT_Opamp->VSS->M_DS->NM8->M_S->VSS->M_B->NM16->M_D->NET2->M_G->PM22->M_BS->VDD->M_BS->PM34->M_DG->NET2->M_D->NM16->M_S->IB1->M_S->NM16->M_G->VIN2->M_G->NM16->M_D->NET2->M_D->PM22->M_BS->VDD->R_C->R2->R_C->VOUT1->M_D->NM9->M_G->VIN1->M_G->NM9->M_D->VOUT1->M_D->NM9->M_B->VSS->M_B->NM9->M_S->IB1->M_S->NM9->M_B->VSS->M_B->NM16->M_D->NET2->M_G->PM22->M_G->NET2->M_D->NM16->M_B->VSS->M_B->NM9->M_D->VOUT1->M_D->PM30->M_BS->VDD->M_BS->PM30->M_G->NET2->M_D->PM22->M_G->NET2->M_D->NM16->M_B->VSS->M_B->NM8->M_G->VIN1->M_G->NM8->M_B->VSS,,,,,,,,
dd0945e1c0aef3ccc6fa7b32e511da512f7f0a0e,CIRCUIT_Opamp->VSS->M_BG->NM16->M_D->VOUT2->R_C->R1->R_C->VDD->R_C->R21->R_C->VOUT1->M_D->NM9->M_B->VSS->M_B->NM35->M_G->VIN1->M_G->NM9->M_D->VOUT1->M_D->NM35->M_S->IB1->R_C->R24->R_C->IB2->M_S->NM9->M_G->VIN1->M_G->NM9->M_B->VSS->M_B->NM9->M_S->IB2->M_S->NM16->M_G->VSS,,,,,,,,
c7dbe8dbcbf15a79972cf817ceb414a38a8329da,CIRCUIT_Opamp->VSS->M_BGS->NM33->M_G->VSS->M_B->NM35->M_G->VB2->M_G->NM35->M_B->VSS->M_BS->NM23->M_D->NET1->M_S->NM35->M_D->VOUT1->R_C->R1->R_C->VDD->R_C->R24->R_C->VOUT1->M_D->NM35->M_S->NET1->M_D->NM23->M_G->VIN1->M_G->NM23->M_BS->VSS->M_B->NM35->M_D->VOUT1->M_D->NM35->M_S->NET1->M_S->NM35->M_B->VSS->C_C->C3->C_C->VOUT1->M_D->NM35->M_B->VSS->M_BS->NM23->M_BS->VSS->M_B->NM35->M_D->VOUT1->C_C->C7->C_C->VSS->M_B->NM35->M_S->NET1->M_D->NM23->M_BS->VSS->R_C->R15->R_C->VOUT2->M_D->NM33->M_S->VSS,,,,,,,,
9a383ef2797bccc0c047fc4dfc09cfaefd2327cd,CIRCUIT_Opamp->VSS->M_BS->PM8->M_DG->VB1->M_G->PM34->M_BS->VDD->R_C->R24->R_C->NET4->M_DG->NM29->M_BS->VSS->M_BS->NM2->M_DG->NET3->M_D->PM34->M_D->NET3->M_G->NM23->M_D->VOUT1->M_D->PM12->M_BS->VDD->M_BS->PM24->M_D->NET2->M_G->PM24->M_G->NET2->M_D->NM9->M_B->VSS->M_BS->NM23->M_BS->VSS->M_BS->NM23->M_D->VOUT1->C_C->C4->C_C->NET1->M_G->PM12->M_G->NET1->M_D->NM7->M_S->NET5->M_D->NM31->M_BS->VSS->M_BS->NM23->M_G->NET3->M_D->PM34->M_D->NET3->M_G->NM23->M_D->VOUT1->M_D->PM12->M_G->NET1->M_D->NM7->M_S->NET5->M_S->NM7->M_G->VIN1->M_G->NM7->M_S->NET5->M_S->NM9->M_G->VIN2->M_G->NM9->M_S->NET5->M_S->NM9->M_B->VSS->M_BS->NM31->M_G->NET4->M_G->NM31->M_D->NET5->M_S->NM7->M_B->VSS,,,,,,,,
ce50279f9526036e10135fb1a13a097c9d0d5edb,CIRCUIT_Opamp->VSS->M_B->PM32->M_S->IB1->M_S->PM10->M_B->VDD->M_B->PM10->M_S->IB1->M_S->PM10->M_D->VOUT1->C_C->C3->C_C->NET1->M_G->PM10->M_D->VOUT1->M_D->NM25->M_BS->VSS->M_BS->NM25->M_G->NET1->C_C->C1->C_C->NET2->M_G->PM32->M_D->VOUT1->M_D->NM25->M_G->NET1->C_C->C7->C_C->VOUT1->M_D->PM10->M_G->NET1->C_C->C12->C_C->NET2->R_C->R2->R_C->VIN1->R_C->R15->R_C->NET2->C_C->C5->C_C->NET1->M_G->NM25->M_BS->VSS,,,,,,,,
144cd152ca157db6e7638bc9650632bf09a31b65,CIRCUIT_Opamp->VSS->M_B->NM14->M_S->NET1->M_D->NM5->M_S->NET2->M_D->NM24->M_B->VSS->M_B->NM5->M_G->VIN1->M_G->NM5->M_S->NET2->M_S->NM24->M_G->VIN2->M_G->NM24->M_S->NET2->M_S->NM5->M_D->NET1->M_D->NM5->M_B->VSS->M_B->NM5->M_S->NET2->M_S->NM5->M_B->VSS->C_C->C3->C_C->VOUT1->L_C->L8->L_C->VDD->L_C->L16->L_C->VOUT1->M_D->NM14->M_G->VB1->M_G->NM14->M_B->VSS,,,,,,,,
9ac68d3427577bd4bac14f24f094839770a92a08,CIRCUIT_Opamp->VSS->M_B->NM14->M_D->VOUT2->M_DG->PM23->M_BS->VDD->M_BS->PM1->M_DG->VOUT1->M_D->NM1->M_G->VIN2->M_G->NM1->M_B->VSS->M_BS->NM24->M_D->NET1->M_S->NM14->M_G->VIN1->M_G->NM14->M_B->VSS->M_BS->NM16->M_DG->IB1->M_G->NM24->M_BS->VSS->M_BS->NM24->M_G->IB1->R_C->R27->R_C->VOUT2->M_D->NM14->M_B->VSS->M_B->NM1->M_S->NET1->M_S->NM14->M_D->VOUT2->M_D->NM14->M_B->VSS,,,,,,,,
fe480de3fa004a138766fd16d8774c7c10a55bad,CIRCUIT_Opamp->VSS->M_DG->PM7->M_BS->VDD->M_BS->PM34->M_G->NET3->M_D->NM5->M_G->VIN2->M_G->NM5->M_D->NET3->M_DG->PM17->M_BS->VDD->M_BS->PM34->M_G->NET3->M_D->NM5->M_B->VSS->M_BS->NM35->M_G->NET7->M_D->PM34->M_G->NET3->M_D->NM5->M_B->VSS->M_B->NM5->M_S->NET4->R_C->R11->R_C->VSS->M_BS->NM35->M_D->VOUT1->M_D->NM35->M_G->NET7->M_D->PM34->M_G->NET3->M_D->NM5->M_B->VSS,,,,,,,,
7f41c434ca2a218e44c3fd9055fe2d06f2dbdaa6,CIRCUIT_Opamp->VSS->D_P->DIO7->D_N->NET5->M_S->NM16->M_B->VSS->R_C->R6->R_C->NET3->M_DG->PM7->M_BS->VDD->M_BS->PM33->M_G->NET3->R_C->R2->R_C->VSS->M_B->NM2->M_S->NET5->M_S->NM2->M_B->VSS->M_BS->NM27->M_DG->NET2->M_G->NM22->M_D->NET1->M_DG->PM10->M_BS->VDD->M_BS->PM34->M_DG->NET1->M_D->NM2->M_G->VIN2->M_G->NM2->M_B->VSS->M_B->NM13->M_G->VIN1->M_G->NM13->M_B->VSS->R_C->R11->R_C->NET3->M_G->PM33->M_D->NET2->M_G->NM22->M_D->NET1->M_G->PM15->M_D->VOUT1->M_D->NM13->M_S->NET5->M_D->NM16->M_G->NET2->M_D->PM33->M_BS->VDD->M_BS->PM15->M_G->NET1->M_G->PM15->M_G->NET1->M_D->NM22->M_BS->VSS,,,,,,,,
43768a0cb473920957b820532cc06ea39ec8dcb5,CIRCUIT_Opamp->VSS->D_N->DIO6->D_P->NET2->M_S->NM24->M_B->VSS->M_B->NM5->M_G->NET1->M_D->PM23->M_BS->VDD->M_BS->PM24->M_DG->NET1->M_G->PM23->M_G->NET1->M_D->NM24->M_G->VIN1->M_G->NM24->M_D->NET1->M_G->PM23->M_D->NET1->M_G->NM5->M_B->VSS->R_C->R6->R_C->NET2->M_G->PM22->M_D->VOUT1->M_D->NM5->M_S->NET2->M_DG->NM33->M_BS->VSS->C_C->C3->C_C->VOUT1->C_C->C13->C_C->VSS->M_B->NM5->M_D->VOUT1->M_D->PM22->M_BS->VDD->M_BS->PM23->M_D->NET1->M_G->NM5->M_B->VSS,,,,,,,,
2936f5fe180da4ea81901f3996f132d30f6e9506,CIRCUIT_Opamp->VSS->M_GS->NM29->M_D->NET1->M_D->PM27->M_G->NET3->M_D->NM24->M_B->VSS->M_B->NM29->M_G->VSS->M_B->NM34->M_S->IB1->M_S->NM24->M_G->VIN2->M_G->NM24->M_S->IB1->M_S->NM34->M_B->VSS->M_B->NM29->M_S->VSS->C_C->C5->C_C->VOUT1->M_D->NM34->M_G->VIN1->M_G->NM34->M_S->IB1->M_S->NM24->M_D->NET3->M_DG->PM4->M_BS->VDD->M_BS->PM27->M_D->NET1->M_G->PM32->M_BS->VDD->M_BS->PM32->M_D->VOUT1->M_D->NM34->M_B->VSS,,,,,,,,
c8abaf4b8c5fcdb4809b667ee23cb07ca03dd05c,CIRCUIT_Opamp->VSS->M_BDGS->NM16->M_G->VSS->M_BS->NM24->M_DG->NET1->M_G->NM33->M_D->VOUT1->C_C->C7->C_C->VDD->R_C->R2->R_C->VOUT1->M_D->NM33->M_G->NET1->M_D->PM30->M_BS->VDD->M_BS->PM17->M_G->VIN1->M_G->PM17->M_D->VOUT1->C_C->C1->C_C->VSS->M_BS->NM33->M_D->VOUT1->M_D->PM17->M_BS->VDD->M_BS->PM30->M_D->NET1->M_D->PM30->M_G->IB1->M_G->PM30->M_D->NET1->M_G->NM33->M_BS->VSS,,,,,,,,
2c968325027db51ce8221e04a5c35fe0ed2b5878,CIRCUIT_Opamp->VSS->C_C->C12->C_C->VOUT1->M_D->NM5->M_G->NET1->M_DG->NM33->M_B->VSS->M_BS->NM5->M_BS->VSS->M_B->NM3->M_G->VIN2->M_G->NM3->M_B->VSS->M_B->NM3->M_S->VIN1->M_S->NM3->M_D->VOUT1->R_C->R27->R_C->VDD->R_C->R26->R_C->VOUT1->C_C->C1->C_C->VSS->M_B->NM33->M_S->VIN1->M_S->NM3->M_D->VOUT1->C_C->C4->C_C->VSS,,,,,,,,
6faefd490eac868fa34735b94ff9c2c6382d70f7,CIRCUIT_Opamp->VSS->M_BDG->NM14->M_G->VSS->M_B->NM5->M_S->NET1->M_S->NM14->M_D->VSS->C_C->C7->C_C->VOUT1->M_D->NM5->M_G->VIN1->M_G->NM5->M_S->NET1->M_S->NM14->M_D->VSS->C_C->C6->C_C->NET1->M_S->NM14->M_G->VSS->M_B->NM34->M_D->NET1->M_S->NM14->M_D->VSS->C_C->C5->C_C->VOUT1->C_C->C4->C_C->VSS->M_B->NM5->M_D->VOUT1->M_D->PM27->M_G->NET4->C_C->C3->C_C->VSS->C_C->C1->C_C->NET2->M_G->NM34->M_S->VOUT1->M_D->PM27->M_BS->VDD->M_BS->PM18->M_DG->NET2->M_G->PM6->M_D->VOUT1->M_D->PM6->M_BS->VDD->M_BS->PM27->M_G->NET4->M_G->PM27->M_G->NET4->M_D->NM29->M_B->VSS->M_BS->NM29->M_G->IB1->M_DG->NM24->M_BS->VSS,,,,,,,,
b1d509fc09af6ea842038d27cbde750086ffa530,CIRCUIT_Opamp->VSS->M_BS->PM8->M_DG->NET1->M_G->PM12->M_D->NET3->M_D->PM12->M_BS->VDD->M_BS->PM12->M_D->NET3->M_S->PM24->M_B->NET6->M_B->PM15->M_D->NET4->M_DG->NM16->M_BS->VSS->M_BS->NM5->M_DG->NET2->M_G->NM33->M_D->NET1->M_G->PM12->M_D->NET3->M_S->PM15->M_G->VIN1->M_G->PM15->M_D->NET4->M_G->NM23->M_BS->VSS->M_BS->NM33->M_BS->VSS->M_BS->NM23->M_D->VOUT1->M_D->NM23->M_G->NET4->M_G->NM23->M_BS->VSS->M_BS->NM23->M_G->NET4->M_D->PM24->M_G->VIN2->M_G->PM24->M_D->NET4->M_G->NM23->M_BS->VSS,,,,,,,,
d7b6af69d8fe9c23c0ccb2fd02fd6e4750a0b5ea,CIRCUIT_Opamp->VSS->M_BS->PM2->M_G->VB1->M_G->PM2->M_BS->VSS->C_C->C13->C_C->VOUT1->M_D->NM1->M_G->NET3->M_DG->NM16->M_BS->VSS->M_B->NM1->M_S->NET2->M_D->NM17->M_G->NET1->R_C->R2->R_C->VIN1->R_C->R24->R_C->NET1->M_G->NM17->M_D->NET2->M_S->NM1->M_D->VOUT1->R_C->R27->R_C->VDD->R_C->R25->R_C->VOUT1->C_C->C4->C_C->VSS->M_BS->NM17->M_BS->VSS->M_BS->NM26->M_G->NET3->M_DG->NM16->M_BS->VSS->M_BS->NM26->M_D->NET4->M_S->NM23->M_D->VOUT2->M_D->NM23->M_G->VIN2->M_G->NM23->M_S->NET4->M_S->NM23->M_B->VSS->M_B->NM1->M_G->NET3->R_C->R15->R_C->VDD->R_C->R11->R_C->VOUT1->M_D->NM1->M_B->VSS->M_BS->NM26->M_G->NET3->M_D->PM2->M_D->NET3->M_G->NM1->M_B->VSS,,,,,,,,
b1536ba614ce443508eb93ab32eded07f39b47a3,CIRCUIT_Opamp->VSS->M_BS->NM18->M_D->NET1->M_S->NM29->M_B->VSS->M_BS->NM16->M_G->VIN1->M_G->NM16->M_D->NET1->C_C->C4->C_C->VSS->M_BS->NM18->M_G->NET1->M_G->NM18->M_D->NET1->M_G->NM29->M_D->VOUT1->M_D->NM29->M_G->NET1->R_C->R27->R_C->VDD->R_C->R24->R_C->VOUT1->M_D->NM29->M_B->VSS,,,,,,,,
647bbb097a9dea22a65d2adcc00bfadeae35ebd2,CIRCUIT_Opamp->VSS->B_BCE->PNP24->B_E->VSS->M_B->NM16->M_S->NET1->M_D->NM9->M_G->VB1->M_G->NM9->M_D->NET1->R_C->R27->R_C->VOUT1->R_C->R21->R_C->VDD->R_C->R2->R_C->VOUT1->M_D->NM16->M_G->VIN1->M_G->NM16->M_B->VSS->C_C->C3->C_C->VOUT1->M_D->NM16->M_B->VSS->C_C->C7->C_C->VOUT1->M_D->NM16->M_B->VSS->C_C->C1->C_C->IB1->M_DG->PM30->M_BS->VDD->C_C->C9->C_C->VOUT1->C_C->C12->C_C->VSS->C_C->C13->C_C->VOUT1->M_D->NM16->M_B->VSS->C_C->C5->C_C->IB1->M_DG->PM30->M_BS->VDD->C_C->C6->C_C->VOUT1->M_D->NM16->M_B->VSS->M_B->NM9->M_S->NET2->M_D->NM33->M_BS->VSS->M_BS->NM33->M_G->IB1->C_C->C4->C_C->VSS,,,,,,,,
5b49aea4d202cfda237c820a07b1c5cbfad5576a,CIRCUIT_Opamp->VSS->D_N->DIO8->D_P->NET1->M_BS->NM22->M_D->VOUT1->C_C->C7->C_C->VSS->M_BS->NM16->M_DG->IB1->M_G->NM22->M_BS->NET1->M_B->NM29->M_D->VOUT2->M_D->PM14->M_BS->VDD->M_BS->PM14->M_G->VB1->M_G->PM14->M_D->VOUT2->C_C->C3->C_C->VSS->M_B->NM17->M_S->IB2->M_S->NM29->M_G->VIN2->M_G->NM29->M_S->IB2->M_S->NM17->M_G->VIN1->M_G->NM17->M_D->VOUT1->R_C->R2->R_C->IB1->C_C->C2->C_C->VSS,,,,,,,,
53db8dc6b1c20d93cc158ae5731fd77faa3d172a,CIRCUIT_Opamp->VSS->M_D->PM7->M_B->VDD->M_B->PM20->M_D->VSS->M_D->PM20->M_G->IB1->M_G->PM20->M_S->IB1->M_S->PM7->M_G->VIN1->M_G->PM7->M_D->VSS->M_BS->NM16->M_DG->NET1->M_D->PM14->M_G->VOUT1->M_G->PM14->M_D->NET1->M_D->PM14->M_B->VDD->R_C->R27->R_C->VOUT1->M_D->NM23->M_BS->VSS->M_BS->NM27->M_DG->VOUT1->M_D->NM23->M_G->NET1->M_D->PM14->M_G->VOUT1->M_D->NM23->M_BS->VSS->M_BS->NM23->M_G->NET1->M_D->PM14->M_S->IB1->M_S->PM7->M_D->VSS,,,,,,,,
378673af2458dba62e48032ecfdda75eeeeedfeb,CIRCUIT_Opamp->VSS->M_S->NM24->M_B->VSS->C_C->C3->C_C->NET1->M_D->NM24->M_G->VIN1->M_G->NM24->M_D->NET1->M_G->PM31->M_D->VOUT1->M_D->NM34->M_S->VOUT1->M_S->NM34->M_D->VOUT1->C_C->C7->C_C->VSS->C_C->C13->C_C->VOUT2->M_D->PM32->M_G->NET1->M_D->NM24->M_B->VSS->C_C->C4->C_C->VOUT1->C_C->C12->C_C->VSS->M_B->NM34->M_G->VIN2->M_G->NM34->M_D->VOUT1->C_C->C16->C_C->VSS->M_B->NM24->M_D->NET1->M_DG->PM4->M_BS->VDD->M_BS->PM32->M_BS->VDD->M_BS->PM31->M_D->VOUT1->C_C->C5->C_C->VSS,,,,,,,,
51eec0a27171be515550defc3f95818ccde68fdd,CIRCUIT_Opamp->VSS->M_DS->NM8->M_G->VB1->M_G->NM8->M_S->VSS->C_C->C13->C_C->VOUT1->R_C->R27->R_C->VDD->R_C->R25->R_C->VOUT1->M_D->NM17->M_B->VSS->M_B->NM8->M_D->VSS->M_BS->NM17->M_G->VIN1->M_G->NM17->M_BS->VSS,,,,,,,,
00193f5aaa3114d551d78820e87e4faa23d85372,CIRCUIT_Opamp->VSS->M_BDS->NM33->M_D->VSS->M_B->NM29->M_G->VIN1->M_G->NM29->M_S->NET1->M_D->NM5->M_G->VB1->M_G->NM5->M_BS->VSS->M_BS->NM5->M_D->NET1->M_S->NM29->M_D->VOUT1->R_C->R24->R_C->VDD->R_C->R2->R_C->VOUT1->M_D->NM29->M_B->VSS->M_BS->NM5->M_D->NET1->M_S->NM29->M_B->VSS->M_BS->NM5->M_G->VB1->M_G->NM5->M_BS->VSS->M_B->NM33->M_G->VIN2->M_G->NM33->M_S->VSS,,,,,,,,
bc9b6e46e97f73f92f6e3b090610024c22c4d9a7,CIRCUIT_Opamp->VSS->M_G->PM17->M_S->IB1->M_S->PM17->M_G->VSS->M_D->PM17->M_B->VDD->M_D->NM33->M_B->VSS->C_C->C1->C_C->NET1->R_C->R26->R_C->VOUT1->M_D->NM10->M_S->NET2->M_G->NM10->M_B->VSS->C_C->C4->C_C->NET1->C_C->C7->C_C->NET2->R_C->R25->R_C->VIN1->R_C->R11->R_C->NET2->C_C->C9->C_C->NET1->M_G->NM33->M_B->VSS->M_B->NM10->M_G->NET2->C_C->C12->C_C->NET1->M_G->NM33->M_S->VOUT1->M_S->NM33->M_B->VSS,,,,,,,,
ac8c3eb647a00959bf99d29e258f2f4504d76612,CIRCUIT_Opamp->VSS->M_BG->NM29->M_D->NET1->M_S->NM9->M_D->NET2->M_D->NM9->M_B->VSS->M_B->NM29->M_D->NET1->M_S->NM9->M_G->VDD->R_C->R27->R_C->NET4->M_G->NM26->M_S->NET3->M_D->NM25->M_S->NET2->M_S->NM29->M_G->VSS->M_B->NM25->M_G->VIN1->M_G->NM25->M_S->NET2->M_S->NM29->M_G->VSS->M_B->NM9->M_G->VDD->M_G->NM9->M_S->NET1->M_S->NM9->M_B->VSS->M_B->NM25->M_S->NET2->M_D->NM9->M_B->VSS->C_C->C3->C_C->VOUT1->C_C->C12->C_C->VSS->M_B->NM25->M_D->NET3->M_S->NM26->M_D->NET5->M_S->NM15->M_D->VOUT2->C_C->C7->C_C->VSS->M_B->NM15->M_G->NET4->M_G->NM26->M_B->VSS,,,,,,,,
8dc9aae44160f43c4d37ce1e55583e47d257da64,CIRCUIT_Opamp->VSS->L_C->L19->L_C->NET1->C_C->C3->C_C->NET2->R_C->R27->R_C->VIN1->R_C->R2->R_C->NET2->C_C->C6->C_C->NET1->M_G->NM15->M_B->VSS->M_B->NM15->M_D->VOUT1->L_C->L5->L_C->VDD->L_C->L13->L_C->VOUT1->M_D->NM15->M_S->NET1->C_C->C9->C_C->VSS,,,,,,,,
47dd60e879230b2a4a07811021769e0ec7cc1e23,CIRCUIT_Opamp->VSS->M_BS->PM3->M_D->VOUT1->C_C->C3->C_C->VSS->M_B->NM5->M_S->NET1->M_D->NM5->M_G->VIN1->M_G->NM5->M_B->VSS->M_B->NM29->M_D->NET1->M_D->NM29->M_S->IB1->M_S->NM29->M_G->VIN2->M_G->NM29->M_S->IB1->M_S->NM29->M_B->VSS->M_B->NM5->M_D->NET1->M_DG->PM17->M_BS->VDD->M_BS->PM25->M_D->VOUT2->M_D->NM1->M_G->VB1->M_G->NM1->M_D->VOUT2->M_D->PM25->M_G->NET1->M_D->NM5->M_B->VSS->M_B->NM5->M_D->NET1->M_G->PM3->M_G->NET1->M_D->NM5->M_B->VSS->M_B->NM1->M_S->IB1->M_S->NM29->M_D->NET1->M_D->NM5->M_B->VSS,,,,,,,,
049f7301e75e2764364580f98de3bceeb9887085,CIRCUIT_Opamp->VSS->R_C->R1->R_C->VOUT1->M_D->PM23->M_BS->VDD->M_BS->PM25->M_G->NET1->M_DG->PM24->M_BS->VDD->M_BS->PM23->M_G->NET1->M_D->NM19->M_S->IB1->M_S->NM19->M_D->NET1->M_D->NM19->M_B->VSS->M_B->NM19->M_G->VIN1->M_G->NM19->M_B->VSS->C_C->C3->C_C->VOUT1->M_D->PM25->M_G->NET1->M_D->NM19->M_B->VSS,,,,,,,,
89e7db4354ea1ec8bd8ce4c7a04455d571d55b6f,CIRCUIT_Opamp->VSS->R_C->R1->R_C->VOUT1->M_D->PM24->M_S->IIN1->R_C->R27->R_C->VSS->M_B->NM9->M_S->VOUT1->C_C->C13->C_C->NET1->R_C->R26->R_C->VOUT1->R_C->R9->R_C->NET1->C_C->C1->C_C->VOUT1->C_C->C3->C_C->NET1->M_G->NM9->M_B->VSS->C_C->C6->C_C->VOUT1->M_D->NM9->M_S->VOUT1->M_D->NM15->M_G->VB1->M_G->NM15->M_D->VOUT1->C_C->C7->C_C->VSS->M_B->NM9->M_G->NET1->C_C->C16->C_C->VIN1->C_C->C9->C_C->NET1->M_G->NM9->M_B->VSS->M_B->NM9->M_D->VOUT1->M_D->PM24->M_B->VDD->M_B->PM24->M_G->VB1->M_G->PM24->M_B->VDD->C_C->C5->C_C->VOUT1->M_D->PM24->M_B->VDD->M_B->PM24->M_D->VOUT1->C_C->C8->C_C->VSS->M_BS->NM15->M_BS->VSS,,,,,,,,
a107028d764f9d006a6ae7d4d8595562e1e3ef99,CIRCUIT_Opamp->VSS->C_C->C1->C_C->NET1->M_G->PM1->M_BS->VDD->M_BS->PM34->M_DG->NET1->C_C->C4->C_C->VSS->M_B->NM18->M_D->NET1->M_D->NM18->M_S->IB1->M_S->NM18->M_G->VIN2->M_G->NM18->M_B->VSS->M_B->NM18->M_D->NET1->M_G->PM1->M_D->VOUT1->M_D->PM1->M_G->NET1->C_C->C13->C_C->VSS,,,,,,,,
6e9ce4f7e0a4f550005dfe1190639fe594a91d0f,CIRCUIT_Opamp->VSS->B_E->NPN23->B_BC->NET4->R_C->R2->R_C->VOUT1->M_D->NM17->M_G->NET3->M_G->NM17->M_D->VOUT1->M_D->PM1->M_S->NET7->M_D->PM19->M_BS->VDD->M_B->PM1->M_G->VB2->M_G->PM1->M_B->VDD->M_BS->PM19->M_G->VB1->M_G->PM19->M_D->NET7->M_D->NM24->M_B->VSS->M_BS->NM17->M_G->NET3->M_S->NM24->M_G->NET5->C_C->C9->C_C->VOUT1->M_D->PM1->M_S->NET7->M_D->NM24->M_B->VSS->M_B->NM24->M_D->NET7->M_D->NM24->M_B->VSS->M_BS->NM17->M_BS->VSS->M_B->NM17->M_S->VSS->M_B->NM17->M_S->VSS->M_B->NM24->M_G->NET5->M_DG->NM18->M_S->NET6->M_D->NM29->M_G->VIN2->M_G->NM29->M_B->VSS->M_B->NM18->M_DG->NET5->M_G->NM24->M_B->VSS->M_B->NM29->M_S->NET6->M_S->NM29->M_B->VSS,,,,,,,,
0d3738655e121c0955810c16c092983c00966b5f,CIRCUIT_Opamp->VSS->M_S->NM3->M_D->VOUT1->M_G->NM3->M_D->VOUT1->R_C->R1->R_C->VDD->M_B->PM12->M_G->VB1->M_G->PM12->M_S->IB1->M_S->PM12->M_D->VSS->M_B->NM3->M_S->VSS->M_D->PM12->M_S->IB1->M_S->PM12->M_D->VSS->M_B->NM13->M_G->VIN1->M_G->NM13->M_B->VSS->M_B->NM13->M_D->NET1->M_DG->PM18->M_BS->VDD->M_BS->PM18->M_DG->NET1->M_D->NM13->M_B->VSS->M_B->NM13->M_D->NET1->M_G->PM25->M_D->VOUT1->M_D->NM3->M_B->VSS->M_BS->NM19->M_G->VB1->M_G->NM19->M_BS->VSS->M_B->NM13->M_S->IB1->M_S->NM13->M_D->NET1->M_G->PM25->M_BS->VDD->M_BS->PM25->M_D->VOUT1->M_D->NM3->M_B->VSS->M_BS->NM19->M_D->IB1->M_S->NM13->M_B->VSS,,,,,,,,
ed6408cd6da995cb503f2c9bdb56bd73a929c5e0,CIRCUIT_Opamp->VSS->M_DS->NM32->M_G->VB1->M_G->NM32->M_D->VSS->M_B->NM33->M_D->NET1->M_D->PM28->M_BS->VDD->M_BS->PM20->M_G->NET1->M_D->NM33->M_S->IB1->M_S->NM33->M_G->VIN1->M_G->NM33->M_B->VSS->M_B->NM32->M_S->VSS->M_B->NM33->M_D->NET1->M_G->PM28->M_G->NET1->C_C->C7->C_C->VSS->C_C->C5->C_C->IB1->M_S->NM33->M_B->VSS->C_C->C3->C_C->NET2->R_C->R26->R_C->VOUT1->R_C->R25->R_C->VDD->R_C->R2->R_C->VOUT1->M_D->PM20->M_D->VOUT1->M_D->NM23->M_B->VSS->M_B->NM32->M_D->VSS->M_B->NM33->M_D->NET1->M_D->NM33->M_B->VSS->M_B->NM23->M_S->IB1->M_S->NM23->M_G->VIN2->M_G->NM23->M_D->VOUT1->C_C->C1->C_C->VSS,,,,,,,,
826f932d0544acd2bbd337cd2d9017780838c998,CIRCUIT_Opamp->VSS->M_BDS->NM5->M_G->VB2->M_G->NM5->M_B->VSS->M_B->NM9->M_G->VB1->M_G->NM9->M_B->VSS->M_BS->NM29->M_D->VOUT1->R_C->R27->R_C->NET1->R_C->R24->R_C->VIN1->R_C->R11->R_C->NET1->M_G->NM29->M_BS->VSS->M_BS->NM29->M_G->NET1->M_G->NM29->M_D->VOUT1->M_D->NM29->M_D->VOUT1->R_C->R2->R_C->VDD->R_C->R15->R_C->VOUT1->M_D->NM29->M_BS->VSS->M_BS->NM9->M_D->VIN1->M_D->NM9->M_S->VSS,,,,,,,,
b3a0cc1c7f9f81621b6ff27ff843b2efe008c8dd,CIRCUIT_Opamp->VSS->L_C->L8->L_C->NET4->M_S->NM24->M_B->VSS->M_B->NM35->M_G->VIN2->M_G->NM35->M_B->VSS->M_B->NM24->M_D->NET3->M_S->NM15->M_B->VSS->M_B->NM15->M_D->NET3->M_S->NM15->M_G->VIN1->M_G->NM15->M_B->VSS->C_C->C7->C_C->VOUT1->C_C->C12->C_C->VSS->M_B->NM24->M_G->NET2->M_D->PM29->M_BS->VDD->M_BS->PM24->M_G->NET1->M_DG->PM24->M_BS->VDD->M_B->PM29->M_G->NET1->M_D->NM35->M_S->IB1->M_S->NM35->M_D->NET1->M_DG->PM24->M_DG->NET1->M_D->NM35->M_B->VSS,,,,,,,,
7817ba4847657de681fac4b031cf5b58f42c3728,CIRCUIT_Opamp->VSS->M_B->PM32->M_S->NET2->M_S->NM24->M_B->VSS->M_B->NM29->M_S->IB1->M_D->PM32->M_G->VIN1->M_G->PM32->M_D->IB1->M_S->NM29->M_D->NET1->M_G->PM22->M_D->VOUT1->M_D->NM24->M_G->VIN2->M_G->NM24->M_D->VOUT1->M_D->PM22->M_G->NET1->M_D->NM29->M_G->VB1->M_G->NM29->M_D->NET1->M_D->NM29->M_B->VSS->C_C->C3->C_C->VOUT1->M_D->PM22->M_BS->VDD->M_BS->PM22->M_D->VOUT1->C_C->C7->C_C->VSS,,,,,,,,
812d4c2b9bf43f1ff247d321950de8295a8f7fb8,CIRCUIT_Opamp->VSS->M_BS->NM26->M_D->NET1->M_S->NM29->M_G->VIN2->M_G->NM29->M_D->NET2->R_C->R6->R_C->NET3->M_G->NM26->M_BS->VSS->M_B->NM29->M_D->NET2->R_C->R2->R_C->VDD->R_C->R1->R_C->VOUT1->R_C->R9->R_C->NET1->M_S->NM29->M_D->NET2->M_D->NM29->M_B->VSS,,,,,,,,
c18c1f507539189010c358193ea281dc06c0a5cc,CIRCUIT_Opamp->VSS->M_BS->PM12->M_G->NET2->M_D->NM12->M_G->VIN1->M_G->NM12->M_D->NET2->M_G->PM24->M_BS->VDD->M_B->PM34->M_S->NET1->M_D->PM24->M_G->NET2->M_D->NM12->M_B->VSS->M_BS->NM29->M_DG->NET3->M_G->NM29->M_D->NET3->M_D->NM29->M_BS->VSS->M_BS->NM29->M_BS->VSS->M_BS->NM24->M_D->VOUT1->M_D->NM24->M_BS->VSS->M_BS->NM29->M_D->NET3->M_G->NM24->M_G->NET3->R_C->R11->R_C->VDD->M_BS->PM24->M_D->NET1->M_S->PM34->M_D->NET2->M_D->PM34->M_G->VIN2->M_G->PM34->M_D->NET2->M_D->NM12->M_S->NET1->M_S->PM34->M_D->NET2->M_D->NM12->M_B->VSS->M_BS->NM29->M_G->NET3->M_D->PM12->M_D->NET3->M_G->NM29->M_BS->VSS,,,,,,,,
6ffa1f79d357d203d4583c893c187df2d190fb01,CIRCUIT_Opamp->VSS->M_GS->NM35->M_D->VOUT2->M_DG->PM24->M_BS->VDD->M_B->PM12->M_D->VOUT1->M_D->NM11->M_B->VSS->M_B->NM17->M_S->IB2->M_S->NM11->M_G->VIN2->M_G->NM11->M_B->VSS->M_B->NM17->M_D->VOUT2->M_D->NM17->M_G->VIN3->M_G->NM17->M_B->VSS->M_B->NM35->M_G->VSS->M_B->NM17->M_S->IB2->M_S->NM17->M_D->VOUT2->M_DG->PM23->M_BS->VDD->M_BS->PM18->M_D->VOUT2->M_S->PM12->M_G->VIN2->M_G->PM12->M_S->VOUT2->M_S->PM12->M_B->VDD->M_BS->PM18->M_G->VB1->M_G->PM18->M_G->VB1->M_G->PM18->M_D->VOUT2->M_D->NM17->M_B->VSS,,,,,,,,
fe42745704fafc729ea47a7d12de434addf63192,CIRCUIT_Opamp->VSS->M_BDGS->NM17->M_D->VSS->M_B->NM17->M_S->VSS->C_C->C9->C_C->VOUT1->L_C->L24->L_C->VDD->M_G->NM27->M_S->IIN1->M_S->NM27->M_D->VOUT1->M_D->NM27->M_B->VSS->C_C->C3->C_C->NET1->R_C->R11->R_C->VOUT1->C_C->C1->C_C->VSS->M_B->NM27->M_G->VDD->C_C->C6->C_C->VOUT1->M_D->NM27->M_B->VSS->M_B->NM17->M_D->VSS->M_B->NM17->M_S->VSS->M_BS->NM20->M_G->VIN1->M_G->NM20->M_BS->VSS->M_BS->NM20->M_D->NET1->M_D->NM20->M_BS->VSS,,,,,,,,
bc8c8656ccdec0aabfd43177bb30c2973852f791,CIRCUIT_Opamp->VSS->M_G->PM13->M_D->VOUT1->M_D->NM5->M_BS->VSS->M_BS->NM5->M_G->NET1->M_DG->NM24->M_BS->VSS->M_BS->NM29->M_G->VIN1->M_G->NM29->M_D->VOUT1->M_D->PM13->M_G->VSS->M_BS->NM29->M_D->VOUT1->M_D->PM13->M_BS->VDD->M_BS->PM13->M_G->VSS,,,,,,,,
bdfbcff6a94692ce6daef6b6068eae04d707e72f,CIRCUIT_Opamp->VSS->M_BGS->NM28->M_D->VOUT1->M_D->PM17->M_BS->VDD->M_BS->PM8->M_DG->IB1->M_G->PM17->M_D->VOUT1->M_D->NM28->M_BS->VSS->M_BS->NM5->M_D->NET1->M_S->NM24->M_G->VB1->M_G->NM24->M_D->VOUT1->C_C->C7->C_C->NET4->R_C->R27->R_C->VIN1->R_C->R21->R_C->NET4->C_C->C3->C_C->NET2->R_C->R24->R_C->IB1->C_C->C1->C_C->VSS->R_C->R13->R_C->NET3->C_C->C13->C_C->VSS->C_C->C9->C_C->VOUT1->C_C->C4->C_C->NET1->M_D->NM5->M_G->VB2->M_G->NM5->M_D->NET1->M_G->PM10->M_D->VOUT1->M_D->PM10->M_G->NET1->M_D->NM5->M_G->VB2->M_G->NM5->M_BS->VSS->M_BS->NM28->M_G->VSS->M_B->NM24->M_D->VOUT1->M_D->PM17->M_G->IB1->M_G->PM17->M_BS->VDD->M_BS->PM10->M_G->NET1->M_D->NM5->M_BS->VSS,,,,,,,,
408c899082cc16498b98b0b00bad7fa546f1e783,CIRCUIT_Opamp->VSS->M_BS->PM3->M_D->NET1->M_S->PM10->M_D->NET3->C_C->C12->C_C->VOUT1->M_D->NM3->M_G->NET1->M_D->PM3->M_G->VIN1->M_G->PM3->M_S->VSS->M_BS->NM25->M_G->NET3->M_D->PM10->M_G->VIN2->M_G->PM10->M_D->NET3->M_G->NM25->M_D->VOUT2->M_D->PM26->M_G->NET2->M_D->NM15->M_BS->VSS->M_BS->NM3->M_BS->VSS->M_BS->NM8->M_DG->NET1->M_DG->NM8->M_BS->VSS->C_C->C1->C_C->VOUT1->M_D->PM35->M_G->NET2->M_D->NM15->M_G->VIN2->M_G->NM15->M_D->NET2->M_DG->PM12->M_BS->VDD->M_B->PM10->M_B->VDD->M_BS->PM26->M_BS->VDD->M_BS->PM35->M_D->VOUT1->M_D->NM3->M_BS->VSS,,,,,,,,
26086818175036585f25c678659546d8e976a5c7,CIRCUIT_Opamp->VSS->M_B->NM23->M_D->VOUT2->M_G->PM25->M_B->VDD->M_BS->PM22->M_D->VOUT1->M_D->NM33->M_G->VIN1->M_G->NM33->M_B->VSS->M_B->NM33->M_S->IB1->M_S->NM23->M_G->VIN2->M_G->NM23->M_D->VOUT2->R_C->R24->R_C->VDD->M_B->PM25->M_D->VOUT2->M_D->NM23->M_B->VSS->M_B->NM33->M_S->IB1->M_S->NM33->M_B->VSS->M_B->NM23->M_D->VOUT2->M_D->PM25->M_G->VOUT2->M_D->NM23->M_S->IB1->M_S->NM23->M_D->VOUT2->M_D->PM25->M_S->VIN2->R_C->R25->R_C->VOUT2->M_D->PM25->M_G->VOUT2->M_D->NM23->M_B->VSS->M_B->NM33->M_D->VOUT1->M_D->PM22->M_G->VB1->M_G->PM22->M_BS->VDD->M_B->PM25->M_S->VIN2->M_G->NM23->M_B->VSS,,,,,,,,
6a7c6e35cbccde038f955a3b44cbf9cb092f0930,CIRCUIT_Opamp->VSS->M_BS->NM28->M_G->NET4->M_DG->NM16->M_BS->VSS->M_BS->NM28->M_D->NET1->M_G->PM23->M_D->NET3->M_S->PM24->M_B->NET6->M_B->PM12->M_S->NET3->M_D->PM23->M_G->NET1->M_G->PM1->M_D->VB1->M_DG->NM1->M_BS->VSS->M_BS->NM28->M_D->NET1->M_G->PM23->M_D->NET3->M_S->PM12->M_D->VOUT1->M_D->NM15->M_G->NET5->M_D->PM33->M_BS->VDD->M_BS->PM23->M_G->NET1->M_G->PM33->M_G->NET1->M_D->NM28->M_BS->VSS->M_BS->NM15->M_BS->VSS->M_BS->NM28->M_G->NET4->M_D->PM24->M_G->VIN1->M_G->PM24->M_S->NET3->M_D->PM23->M_BS->VDD->M_BS->PM1->M_BS->VDD->M_BS->PM23->M_D->NET3->M_S->PM12->M_G->VIN2->M_G->PM12->M_D->VOUT1->M_D->NM15->M_B->VSS,,,,,,,,
7c5bfa370f6afe93ea8ed2de136922d8fb126731,CIRCUIT_Opamp->VSS->R_C->R1->R_C->NET2->R_C->R27->R_C->NET1->R_C->R6->R_C->VOUT1->M_D->PM23->M_BS->VDD->M_BS->PM23->M_G->NET1->M_G->PM23->M_G->NET1->M_D->NM4->M_G->VIN1->M_G->NM4->M_D->NET1->M_D->NM4->M_S->NET2->M_S->NM4->M_B->VSS,,,,,,,,
91b91ef26d001d55ab04acaede1ac1fdbc07a1de,CIRCUIT_Opamp->VSS->C_C->C13->C_C->VOUT1->M_D->NM29->M_B->VSS->M_BS->NM3->M_G->VIN1->M_G->NM3->M_BS->VSS->R_C->R27->R_C->VOUT1->M_S->NM29->M_G->NET1->M_DG->NM16->M_BS->VSS->M_B->NM29->M_D->VOUT1->R_C->R1->R_C->NET1->M_G->NM29->M_S->VOUT1->C_C->C7->C_C->VSS->C_C->C3->C_C->VOUT1->M_D->NM29->M_B->VSS->R_C->R2->R_C->VIN1->M_G->NM3->M_D->NET1->M_G->NM29->M_B->VSS->C_C->C1->C_C->VOUT1->R_C->R26->R_C->VDD->R_C->R11->R_C->VOUT1->M_D->NM29->M_B->VSS,,,,,,,,
fad6cea8b533fbe34b8bd1b7498cfffb484c1508,CIRCUIT_Opamp->VSS->M_BD->NM32->M_DG->VSS->M_BS->NM28->M_G->VIN1->M_G->NM28->M_BS->VSS->R_C->R25->R_C->VOUT1->M_D->PM7->M_BS->VDD->M_BS->PM22->M_DG->VOUT1->M_D->NM28->M_BS->VSS->C_C->C1->C_C->NET1->R_C->R26->R_C->VOUT1->R_C->R21->R_C->NET1->M_S->NM32->M_B->VSS->M_BS->NM28->M_D->VOUT1->M_D->PM7->M_G->NET2->M_D->PM28->M_G->VB1->M_G->PM28->M_D->NET2->M_D->PM28->M_BS->VDD->M_BS->PM7->M_D->VOUT1->R_C->R27->R_C->VDD->M_BS->PM28->M_D->NET2->M_D->PM28->M_BS->VDD->M_BS->PM7->M_G->NET2->M_G->PM7->M_G->NET2->M_D->PM28->M_D->NET2->M_D->NM27->M_BS->VSS->M_BS->NM28->M_D->VOUT1->M_D->NM28->M_BS->VSS->M_BS->NM27->M_G->VIN1->M_G->NM27->M_D->NET2->M_D->PM28->M_BS->VDD->M_BS->PM7->M_G->NET2->M_D->NM27->M_BS->VSS,,,,,,,,
d96efe1116091852a577850e92435dd272645c40,CIRCUIT_Opamp->VSS->M_S->NM24->M_D->NET1->M_DG->PM7->M_BS->VDD->R_C->R2->R_C->VOUT1->M_D->NM16->M_B->VSS->M_B->NM24->M_G->VIN2->M_G->NM24->M_B->VSS->M_BS->NM18->M_G->VIN1->M_G->NM18->M_D->NET1->M_D->NM18->M_BS->VSS->M_B->NM16->M_S->IB1->M_S->NM16->M_G->VIN1->M_G->NM16->M_S->IB1->M_S->NM16->M_B->VSS,,,,,,,,
cc37e9bb07be653785cf3dfde8c420f25361e0fb,CIRCUIT_Opamp->VSS->M_BDG->NM5->M_D->VSS->M_B->NM3->M_S->IB2->M_D->PM4->M_B->VDD->M_B->PM7->M_S->IB3->R_C->R24->R_C->IB4->M_S->PM34->M_B->VDD->R_C->R6->R_C->VOUT2->M_D->NM3->M_G->VB2->M_G->NM3->M_S->IB2->M_S->NM5->M_G->VSS->M_B->NM3->M_D->VOUT2->R_C->R2->R_C->VDD->M_B->PM4->M_S->IB5->M_S->PM4->M_G->VREF1->M_G->PM4->M_B->VDD->R_C->R26->R_C->VOUT1->M_D->NM4->M_G->VIN1->M_G->NM4->M_B->VSS->M_B->NM5->M_G->VSS->M_B->NM4->M_S->IB3->M_S->NM4->M_B->VSS->M_B->NM3->M_D->VOUT2->M_D->PM7->M_G->VIN2->M_G->PM7->M_D->VOUT2->M_D->NM3->M_B->VSS->M_B->NM4->M_D->VOUT1->M_D->NM4->M_B->VSS->M_D->PM34->M_G->VB1->M_G->PM34->M_D->VSS,,,,,,,,
58ee2caa695ae2270bd04a1538ace6131c67279e,CIRCUIT_Opamp->VSS->M_DGS->NM32->M_D->VSS->M_B->NM16->M_S->NET1->M_D->NM5->M_G->VIN1->M_G->NM5->M_BS->VSS->M_BS->NM5->M_D->NET1->M_S->NM16->M_D->VOUT1->R_C->R13->R_C->VDD->R_C->R26->R_C->VOUT1->M_D->NM16->M_B->VSS->M_B->NM32->M_S->VSS->M_BS->NM5->M_G->VIN1->M_G->NM5->M_BS->VSS->M_B->NM32->M_G->VSS->M_B->NM32->M_G->VSS->M_BS->NM5->M_D->NET1->M_D->NM5->M_BS->VSS->M_BS->NM14->M_DG->IB1->M_DG->NM14->M_BS->VSS->M_B->NM16->M_G->VIN2->M_G->NM16->M_S->NET1->M_S->NM16->M_B->VSS,,,,,,,,
e38dd6f8fb394a4ed9b45f2e09061f21371edad1,CIRCUIT_Opamp->VSS->M_BG->NM28->M_D->NET1->M_S->NM9->M_G->VB1->M_G->NM9->M_S->NET1->M_D->NM28->M_BG->VSS->M_BG->NM28->M_S->IB2->M_S->NM28->M_D->NET1->M_S->NM9->M_D->VOUT2->M_D->NM9->M_B->VSS->M_B->NM9->M_D->VOUT2->M_D->PM12->M_B->VDD->R_C->R26->R_C->VOUT1->M_D->NM29->M_B->VSS->M_B->NM28->M_G->VSS->M_B->NM28->M_S->IB2->M_S->NM28->M_B->VSS->M_B->NM9->M_D->VOUT2->M_D->PM12->M_S->NET2->M_D->PM11->M_BS->VDD->R_C->R15->R_C->NET2->M_S->PM12->M_G->VB2->M_G->PM12->M_S->NET2->M_D->PM11->M_G->VB3->M_G->PM11->M_D->NET2->M_S->PM12->M_D->VOUT2->M_D->NM9->M_B->VSS->M_B->NM28->M_G->VSS->M_B->NM29->M_G->VIN2->M_G->NM29->M_S->NET1->M_S->NM29->M_B->VSS,,,,,,,,
dfb59d0996e94e2b44f14ca8f4cf435ad1b24179,CIRCUIT_Opamp->VSS->M_B->PM32->M_S->IB1->M_S->PM12->M_D->VOUT1->M_DG->NM24->M_BS->VSS->M_BS->NM5->M_G->VOUT1->C_C->C7->C_C->NET1->M_D->PM32->M_G->VIN2->M_G->PM32->M_D->NET1->M_G->NM13->M_BS->VSS->M_BS->NM13->M_D->VOUT2->M_D->PM15->M_G->VIN1->M_G->PM15->M_BS->VDD->M_B->PM12->M_G->VB1->M_G->PM12->M_B->VDD->M_B->PM12->M_D->VOUT1->M_D->PM12->M_S->IB1->M_S->PM32->M_D->NET1->M_G->NM13->M_BS->VSS->M_BS->NM5->M_D->VOUT2->M_D->PM15->M_BS->VDD->M_B->PM12->M_D->VOUT1->M_D->PM12->M_B->VDD->M_B->PM12->M_S->IB1->M_S->PM12->M_D->VOUT1->M_D->PM12->M_B->VDD->M_B->PM12->M_G->VB1->M_G->PM12->M_S->IB1->M_S->PM32->M_B->VSS,,,,,,,,
4f93f4205cc6eb3e420b087e6cf537c582041427,CIRCUIT_Opamp->VSS->M_B->PM5->M_S->NET4->M_D->PM1->M_BS->VDD->M_BS->PM12->M_DG->NET1->M_D->NM29->M_BS->VSS->M_BS->NM24->M_G->NET3->M_D->PM25->M_G->NET1->M_D->NM29->M_G->NET3->M_G->NM24->M_D->NET2->M_G->PM1->M_BS->VDD->R_C->R11->R_C->NET3->M_DG->NM16->M_BS->VSS->M_BS->NM24->M_G->NET3->M_G->NM29->M_BS->VSS->M_BS->NM16->M_DG->NET3->M_G->NM24->M_BS->VSS->M_BS->NM15->M_DG->NET5->M_G->NM9->M_BS->VSS->M_BS->NM9->M_D->VOUT1->M_D->NM9->M_D->VOUT1->C_C->C4->C_C->NET6->M_D->PM5->M_G->VIN2->M_G->PM5->M_B->VSS->M_BS->NM24->M_D->NET2->M_G->PM1->M_G->NET2->M_DG->PM8->M_BS->VDD->M_BS->PM25->M_BS->VDD->R_C->R2->R_C->NET3->M_G->NM24->M_D->NET2->M_G->PM1->M_BS->VDD->M_BS->PM1->M_D->NET4->M_S->PM5->M_B->VSS,,,,,,,,
c337b573cc9c8efeb8d0a3765693d55bb0d6ce4e,CIRCUIT_Opamp->VSS->M_B->NM28->M_G->VB1->M_G->NM28->M_B->VSS->C_C->C4->C_C->VOUT1->M_D->NM28->M_S->NET1->M_D->NM32->M_G->VOUT1->M_D->PM10->M_S->VIN1->C_C->C5->C_C->VDD->C_C->C1->C_C->VOUT1->M_D->PM10->M_B->VDD->C_C->C13->C_C->VOUT1->M_D->NM28->M_S->NET1->M_S->NM28->M_D->VOUT1->M_D->PM10->M_G->VIN1->M_G->PM10->M_B->VDD->M_B->PM10->M_S->VIN1->M_S->PM10->M_D->VOUT1->C_C->C16->C_C->VSS->M_BS->NM32->M_BS->VSS,,,,,,,,
4b018b7d39363685ced4d652dad3fb1ae8d15509,CIRCUIT_Opamp->VSS->D_P->DIO7->D_N->NET2->M_S->NM5->M_D->NET3->M_G->PM12->M_BS->VDD->M_BS->PM35->M_G->NET3->M_DG->PM34->M_BS->VDD->M_D->NM2->M_B->VSS->M_B->NM5->M_G->VIN1->M_G->NM5->M_D->NET3->M_D->NM5->M_B->VSS->R_C->R6->R_C->VOUT1->M_D->PM12->M_G->NET3->M_D->NM5->M_B->VSS->M_BS->NM17->M_DG->NET1->M_G->NM20->M_D->NET4->M_S->NM2->M_G->VIN2->M_G->NM2->M_B->VSS->M_BS->NM20->M_G->NET1->M_D->PM35->M_BS->VDD->M_D->NM2->M_B->VSS,,,,,,,,
dee9589c47a79d6ea49b429bcead4195330dc496,CIRCUIT_Opamp->VSS->R_C->R26->R_C->VOUT1->M_D->PM1->M_BS->VDD->M_B->PM22->M_S->NET1->R_C->R25->R_C->VIN1->R_C->R27->R_C->NET1->M_G->PM1->M_G->NET1->M_D->NM9->M_G->VOUT1->M_D->PM1->M_G->NET1->M_S->PM22->M_DG->NET1->M_S->PM22->M_B->VDD->M_BS->PM1->M_G->NET1->M_S->PM22->M_DG->NET1->R_C->R15->R_C->IB1->C_C->C7->C_C->VSS->M_BS->NM9->M_BS->VSS,,,,,,,,
0411f1d4f1e54eb25851b6a4bed0c316b979c188,CIRCUIT_Opamp->VSS->M_GS->NM9->M_D->VOUT1->C_C->C7->C_C->NET1->M_G->PM12->M_D->VOUT1->M_D->NM9->M_B->VSS->C_C->C4->C_C->VOUT1->M_D->PM12->M_G->NET1->M_DG->PM5->M_BS->VDD->M_BS->PM12->M_G->NET1->C_C->C1->C_C->VSS->C_C->C5->C_C->VOUT1->M_D->PM12->M_G->NET1->M_D->NM14->M_S->NET2->M_D->NM25->M_G->VIN1->M_G->NM25->M_D->NET2->M_S->NM14->M_G->VIN2->M_G->NM14->M_B->VSS->M_BS->NM25->M_D->NET2->M_S->NM14->M_B->VSS,,,,,,,,
dddfe4b035062d2cf7854710fb037ee06e0c8b97,CIRCUIT_Opamp->VSS->M_BS->NM14->M_D->NET1->M_S->NM29->M_B->VSS->M_B->NM24->M_D->VOUT1->M_D->PM27->M_G->VB2->M_G->PM10->M_B->VDD->M_BS->PM27->M_G->VB2->M_G->PM10->M_S->NET2->M_D->NM29->M_G->VIN2->M_G->NM24->M_S->NET1->M_S->NM29->M_B->VSS->M_B->NM29->M_D->NET2->M_D->PM10->M_D->NET2->M_D->NM29->M_B->VSS->M_B->NM24->M_S->NET1->M_D->NM14->M_G->VB1->M_G->NM14->M_D->NET1->M_S->NM24->M_D->VOUT1->M_D->PM27->M_BS->VDD->M_BS->PM27->M_D->VOUT1->M_D->NM24->M_B->VSS,,,,,,,,
91e8c36628b5f2a2f6af8a7e8fdbd7be30b7fc09,CIRCUIT_Opamp->VSS->C_C->C1->C_C->VOUT1->M_D->NM35->M_G->VB1->M_G->NM35->M_B->VSS->M_B->NM34->M_G->VIN1->M_G->NM34->M_B->VSS->M_B->NM35->M_S->IB1->M_S->NM34->M_D->NET1->M_DG->PM1->M_BS->VDD->M_BS->PM25->M_D->VOUT1->M_D->NM35->M_S->IB1->M_D->NM24->M_G->NET2->M_DG->NM5->M_BS->VSS->M_B->NM34->M_D->NET1->M_G->PM25->M_G->NET1->M_D->NM34->M_B->VSS->M_B->NM35->M_S->IB1->M_S->NM34->M_D->NET1->M_D->NM34->M_B->VSS->M_B->NM24->M_S->IB1->M_S->NM34->M_D->NET1->M_G->PM25->M_D->VOUT1->M_D->NM35->M_B->VSS,,,,,,,,
c8a866505b183ad15bac81d0966a70875291cb12,CIRCUIT_Opamp->VSS->M_BD->NM5->M_S->NET2->R_C->R6->R_C->VSS->M_BS->NM15->M_D->NET1->M_G->PM12->M_D->VOUT1->M_D->NM11->M_BS->VSS->C_C->C13->C_C->NET1->M_G->NM11->M_BS->VSS->M_BS->NM15->M_G->VIN1->M_G->NM15->M_D->NET1->M_G->PM12->M_BS->VDD->M_BS->PM12->M_G->NET1->C_C->C7->C_C->VSS->C_C->C3->C_C->NET1->M_D->NM15->M_BS->VSS->M_BS->NM11->M_D->VOUT1->M_D->PM12->M_G->NET1->M_D->NM15->M_BS->VSS->C_C->C6->C_C->VOUT1->M_D->NM11->M_G->NET1->M_G->NM11->M_BS->VSS->M_BS->NM15->M_D->NET1->M_D->NM15->M_BS->VSS->M_BS->NM15->M_D->NET1->M_D->NM15->M_BS->VSS->M_B->NM5->M_G->VB3->M_G->NM5->M_D->VSS,,,,,,,,
2088fa4f433ded926f2182bf0e189fbcd377a7bc,CIRCUIT_Opamp->VSS->M_BG->NM14->M_DG->VSS->M_B->NM29->M_D->VOUT1->M_D->PM27->M_B->VDD->M_B->PM17->M_D->VOUT1->M_D->NM29->M_S->NET3->M_D->NM9->M_G->VIN1->M_G->NM9->M_S->IB2->M_S->NM18->M_D->NET1->M_DG->PM20->M_BS->VDD->M_BS->PM9->M_G->NET2->M_S->PM17->M_G->NET1->M_D->NM18->M_S->IB2->M_S->NM9->M_B->VSS->M_BS->NM27->M_DG->NET2->M_G->PM9->M_D->NET2->M_DG->NM27->M_BS->VSS->M_BS->NM28->M_G->NET1->M_D->NM18->M_G->VIN2->M_G->NM18->M_B->VSS->M_B->NM14->M_S->IB2->M_S->NM14->M_D->VSS->M_B->NM29->M_S->NET3->M_S->NM29->M_G->VB1->M_G->NM29->M_D->VOUT1->M_D->PM27->M_G->VB2->M_G->PM27->M_S->NET1->M_D->NM18->M_B->VSS->M_BS->NM28->M_D->IB1->M_D->NM28->M_BS->VSS,,,,,,,,
a7d556726a8df2de2a15bffafeced8fd28bfef2e,CIRCUIT_Opamp->VSS->L_C->L19->L_C->NET4->M_S->NM24->M_G->NET2->L_C->L13->L_C->NET1->C_C->C7->C_C->VIN1->C_C->C1->C_C->NET1->L_C->L10->L_C->NET2->L_C->L18->L_C->NET3->R_C->R11->R_C->IB1->R_C->R27->R_C->NET3->C_C->C13->C_C->IB1->L_C->L8->L_C->NET1->M_G->PM32->M_D->VOUT1->R_C->R26->R_C->VDD->R_C->R25->R_C->VOUT1->M_D->NM24->M_B->VSS->M_B->NM24->M_D->VOUT1->M_D->NM24->M_B->VSS->L_C->L16->L_C->NET2->M_S->NM10->M_D->VOUT1->M_D->NM10->M_B->VSS->M_B->NM10->M_G->VDD->M_BS->PM32->M_BS->VDD->M_BS->PM32->M_D->VOUT1->M_D->NM10->M_B->VSS,,,,,,,,
a35860b31f4523710911bae0bc50e667ec107c01,CIRCUIT_Opamp->VSS->M_BS->NM7->M_D->VOUT1->M_D->PM15->M_G->NET1->M_G->PM9->M_D->VOUT1->M_D->NM7->M_BS->VSS->M_BS->NM9->M_D->NET1->M_DG->PM7->M_BS->VDD->M_BS->PM15->M_G->NET1->M_D->NM9->M_BS->VSS->M_BS->NM9->M_G->VIN1->M_G->NM9->M_D->NET1->M_G->PM9->M_BS->VDD->M_BS->PM9->M_G->NET1->M_D->NM9->M_BS->VSS->M_BS->NM7->M_G->VIN1->M_G->NM7->M_BS->VSS,,,,,,,,
82ab6259e416e68fe3245fb5ae6aeb8e8251d18b,CIRCUIT_Opamp->VSS->M_BS->NM19->M_G->NET1->M_D->PM17->M_B->VDD->M_BS->PM24->M_G->IB1->M_G->PM24->M_D->VOUT1->M_DG->PM25->M_BS->VDD->M_B->PM34->M_DG->IB2->M_DG->PM34->M_S->VSS->M_BS->NM19->M_D->VOUT1->M_D->NM19->M_BS->VSS->C_C->C7->C_C->VOUT1->M_D->NM19->M_BS->VSS->C_C->C6->C_C->VOUT1->C_C->C5->C_C->VSS->M_BS->NM19->M_G->NET1->M_D->PM17->M_S->IB1->M_S->PM17->M_G->VIN1->M_G->PM17->M_D->NET1->M_D->PM17->M_S->IB1->C_C->C3->C_C->VSS,,,,,,,,
1dad6172943aa30d2278b9342840e25ea4510cb4,CIRCUIT_Opamp->VSS->M_BS->PM34->M_D->VOUT1->M_D->NM5->M_G->NET6->M_D->PM12->M_S->NET4->M_S->PM1->M_G->VIN2->M_G->PM1->M_S->NET4->M_D->PM29->M_G->NET2->M_D->NM29->M_G->NET3->M_DG->NM35->M_BS->VSS->M_BS->NM4->M_D->NET1->R_C->R6->R_C->VDD->M_BS->PM29->M_G->NET2->M_D->NM29->M_G->NET3->M_G->NM29->M_D->NET2->M_G->PM34->M_BS->VSS->M_BS->NM29->M_G->NET3->M_G->NM4->M_G->NET3->R_C->R26->R_C->NET6->M_D->NM12->M_BS->VSS->M_BS->NM5->M_BS->VSS->M_BS->NM29->M_BS->VSS->M_BS->NM26->M_DG->NET5->M_D->PM1->M_B->NET7->M_B->PM12->M_G->VIN1->M_G->PM12->M_S->NET4->M_D->PM29->M_G->NET2->M_DG->PM35->M_BS->VDD->R_C->R27->R_C->NET3->M_G->NM29->M_D->NET2->M_G->PM29->M_D->NET4->M_S->PM1->M_D->NET5->M_G->NM12->M_BS->VSS,,,,,,,,
8bdf797eaf9a56219070831a30562d1dfcb410e7,CIRCUIT_Opamp->VSS->M_BS->NM18->M_DG->NET2->M_D->PM19->M_S->NET3->M_S->PM19->M_D->NET2->M_G->NM33->M_D->NET1->M_DG->PM31->M_BS->VDD->M_BS->PM10->M_G->NET1->M_G->PM23->M_BS->VDD->M_B->PM19->M_S->NET3->M_S->PM19->M_B->VDD->R_C->R2->R_C->VOUT1->M_D->PM10->M_BS->VDD->M_BS->PM10->M_G->NET1->M_D->NM33->M_BS->VSS->M_BS->NM33->M_G->NET2->M_G->NM33->M_D->NET1->M_G->PM23->M_D->NET3->M_S->PM19->M_G->VIN1->M_G->PM19->M_D->NET2->M_G->NM33->M_D->NET1->M_G->PM23->M_D->NET3->M_S->PM19->M_B->VDD->M_B->PM19->M_B->VDD->M_BS->PM23->M_G->NET1->M_D->NM33->M_BS->VSS,,,,,,,,
2aeaed5e3fd2f45cd395c2cdd1021f6c574b7b91,CIRCUIT_Opamp->VSS->M_BS->NM26->M_D->VOUT1->M_D->PM24->M_G->NET2->M_DG->PM10->M_BS->VDD->M_BS->PM24->M_G->NET2->M_D->NM9->M_G->NET3->M_DG->NM24->M_BS->VSS->M_BS->NM5->M_DG->NET4->M_D->PM1->M_B->NET5->M_B->PM33->M_G->VIN1->M_G->PM33->M_S->NET1->M_D->PM12->M_BS->VDD->M_BS->PM12->M_D->NET1->M_S->PM1->M_D->NET4->M_G->NM26->M_BS->VSS->M_BS->NM9->M_G->NET3->M_G->NM9->M_BS->VSS->M_BS->NM9->M_G->NET3->R_C->R9->R_C->VDD->M_BS->PM24->M_G->NET2->M_D->NM9->M_G->NET3->M_D->PM33->M_S->NET1->M_S->PM1->M_G->VIN2->M_G->PM1->M_D->NET4->M_G->NM26->M_BS->VSS->M_BS->NM9->M_D->NET2->M_G->PM12->M_G->NET2->M_D->NM9->M_D->NET2->M_G->PM24->M_D->VOUT1->M_D->NM26->M_BS->VSS,,,,,,,,
8023353c7788eb4ea20aaf14b0a714a480ed4610,CIRCUIT_Opamp->VSS->M_BS->PM6->M_D->VOUT1->M_D->NM35->M_G->VIN1->M_G->NM35->M_B->VSS->M_B->NM35->M_S->IB1->M_S->NM35->M_B->VSS->M_B->NM35->M_D->VOUT1->M_D->PM6->M_G->NET1->M_DG->PM32->M_BS->VDD->M_BS->PM12->M_DG->NET1->M_DG->PM12->M_BS->VDD->M_BS->PM11->M_DG->NET2->M_D->NM3->M_B->VSS->M_BS->NM34->M_DG->IB1->M_S->NM3->M_G->VIN2->M_G->NM3->M_B->VSS,,,,,,,,
75130e5c1bafda0950b89c2f7e0770a306ae84ab,CIRCUIT_Opamp->VSS->M_DS->NM8->M_G->VB2->M_G->NM8->M_B->VSS->M_B->NM8->M_D->VSS->R_C->R24->R_C->NET1->M_S->NM27->M_G->VIN1->M_G->NM27->M_B->VSS->M_B->NM27->M_D->VOUT1->R_C->R1->R_C->VDD->R_C->R25->R_C->VOUT1->M_D->NM27->M_B->VSS,,,,,,,,
753000345b3e2fa477df1370fb3216bc0ee0fd71,CIRCUIT_Opamp->VSS->M_D->PM13->M_G->IB1->M_D->NM35->M_G->VIN2->M_G->NM35->M_D->IB1->M_S->NM35->M_B->VSS->M_B->NM35->M_S->IB1->R_C->R24->R_C->NET2->C_C->C7->C_C->NET1->R_C->R27->R_C->VOUT1->C_C->C13->C_C->NET2->M_G->NM6->M_D->VOUT1->M_D->PM19->M_G->NET1->M_G->PM19->M_BS->VDD->M_BS->PM19->M_BS->VDD->M_BS->PM13->M_D->VSS->M_BS->NM6->M_BS->VSS,,,,,,,,
7d6df8e759994b6dacaf2df01c7a3e9e233df31f,CIRCUIT_Opamp->VSS->M_DS->NM3->M_G->VB1->M_G->NM3->M_S->VSS->L_C->L10->L_C->VIN1->C_C->C1->C_C->NET1->M_G->NM28->M_D->VOUT1->R_C->R11->R_C->VDD->R_C->R2->R_C->VOUT1->M_D->NM28->M_BS->VSS->M_B->NM3->M_D->VSS,,,,,,,,
1b94f080d878237b3f4ac0294990228eb9c4ab56,CIRCUIT_Opamp->VSS->D_N->DIO7->D_P->NET4->M_S->NM5->M_B->VSS->M_B->NM24->M_G->VIN1->M_G->NM24->M_B->VSS->M_B->NM5->M_S->NET4->R_C->R11->R_C->VSS->R_C->R2->R_C->NET3->M_DG->PM24->M_BS->VDD->M_BS->PM9->M_DG->NET1->M_DG->PM9->M_BS->VDD->M_BS->PM24->M_DG->NET3->M_G->PM6->M_D->NET2->M_G->NM5->M_D->NET1->M_D->NM5->M_G->NET2->M_G->NM5->M_D->NET1->M_G->PM3->M_BS->VDD->M_BS->PM6->M_G->NET3->R_C->R25->R_C->VSS->M_BS->NM26->M_DG->NET2->M_G->NM5->M_B->VSS->M_BS->NM4->M_DG->NET2->M_G->NM5->M_B->VSS->M_BS->NM4->M_DG->NET2->M_D->PM6->M_BS->VDD->M_BS->PM3->M_D->VOUT1->M_D->NM24->M_S->NET5->M_D->NM34->M_G->NET2->M_DG->NM4->M_BS->VSS->M_BS->NM34->M_G->NET2->M_D->PM6->M_G->NET3->R_C->R10->R_C->VSS,,,,,,,,
9cad2c3adff1727446ca9d890ae9dec41a3c5822,CIRCUIT_Opamp->VSS->M_BD->NM5->M_G->VB1->M_G->NM5->M_S->NET2->M_D->NM24->M_G->NET1->M_DG->NM35->M_BS->VSS->C_C->C9->C_C->NET1->M_G->NM24->M_D->NET2->M_S->NM5->M_D->VSS->M_BS->NM24->M_G->NET1->C_C->C3->C_C->VOUT1->M_D->PM21->M_BS->VDD->M_BS->PM1->M_DG->NET2->M_D->NM24->M_BS->VSS->C_C->C1->C_C->VOUT1->M_D->PM21->M_G->IB1->M_DG->PM13->M_DG->IB1->M_G->PM21->M_G->IB1->M_DG->PM13->M_BS->VDD->M_BS->PM21->M_D->VOUT1->M_D->NM18->M_BS->VSS->M_BS->NM18->M_G->VIN1->M_G->NM18->M_BS->VSS,,,,,,,,
30edd343cb6b1e1403adb506f1431f95bbc5fc1a,CIRCUIT_Opamp->VSS->B_BC->PNP15->B_E->NET2->M_S->NM29->M_D->NET1->M_G->PM24->M_BS->VDD->M_BS->PM19->M_DG->NET1->M_G->PM24->M_D->VOUT1->M_D->NM14->M_S->NET2->M_D->NM25->M_G->VIN1->M_G->NM25->M_B->VSS->C_C->C4->C_C->VOUT1->C_C->C7->C_C->VSS->M_B->NM29->M_G->VIN2->M_G->NM29->M_B->VSS->M_B->NM14->M_G->VB1->M_G->NM14->M_D->VOUT1->M_D->PM24->M_BS->VDD->M_BS->PM24->M_G->NET1->M_D->NM29->M_B->VSS->M_B->NM25->M_S->NET2->M_D->NM25->M_B->VSS,,,,,,,,
3c7d4cfaad724aa7506478b8c4f3bd18d292737b,CIRCUIT_Opamp->VSS->M_BG->NM5->M_S->NET3->R_C->R24->R_C->VSS->C_C->C6->C_C->IB1->C_C->C1->C_C->VSS->M_B->NM5->M_D->VOUT1->R_C->R11->R_C->VDD->R_C->R25->R_C->VOUT1->C_C->C9->C_C->NET3->M_S->NM5->M_G->VSS->M_B->NM5->M_D->VOUT1->M_D->NM5->M_S->NET3->C_C->C4->C_C->VSS->M_B->NM5->M_S->NET3->M_D->NM15->M_BS->VSS->C_C->C5->C_C->NET1->R_C->R2->R_C->VIN1->R_C->R21->R_C->NET1->C_C->C7->C_C->NET2->M_G->NM15->M_G->NET2->R_C->R10->R_C->IB1->C_C->C3->C_C->VSS,,,,,,,,
6bca9053b89ea23567d4a49aa9deea13666c2a27,CIRCUIT_Opamp->VSS->M_BS->PM32->M_DG->NET1->M_D->NM9->M_G->VB1->M_G->NM9->M_D->NET1->M_D->NM5->M_S->NET2->M_G->NM17->M_BS->VSS->C_C->C1->C_C->VOUT1->M_D->NM17->M_G->NET2->M_D->PM2->M_G->VOUT1->M_D->NM17->M_G->NET2->M_D->PM2->M_G->VOUT1->M_D->PM31->M_G->NET1->M_D->NM9->M_B->VSS->M_B->NM5->M_G->VIN1->M_G->NM5->M_S->NET2->M_D->NM23->M_G->VB1->M_G->NM23->M_D->NET2->M_D->PM2->M_BS->VDD->M_BS->PM31->M_BS->VDD->M_BS->PM2->M_G->VOUT1->M_D->NM17->M_BS->VSS->M_BS->NM23->M_D->NET2->M_D->PM2->M_BS->VDD->M_BS->PM31->M_BS->VDD->M_BS->PM2->M_G->VOUT1->M_D->NM17->M_BS->VSS->M_BS->NM9->M_D->NET1->M_D->NM5->M_B->VSS,,,,,,,,
31efbce233fdbbfb981897850cb32cf769f602a4,CIRCUIT_Opamp->VSS->M_BS->NM21->M_D->NET5->M_S->NM27->M_B->VSS->M_BS->NM28->M_D->VOUT1->M_D->PM29->M_BS->VDD->M_BS->PM25->M_DG->NET3->M_D->NM27->M_G->VIN2->M_G->NM27->M_D->NET3->M_G->PM29->M_G->NET3->M_D->NM27->M_B->VSS->M_B->NM27->M_S->NET5->M_S->NM27->M_B->VSS->M_BS->NM28->M_G->NET1->M_G->NM21->M_BS->VSS,,,,,,,,
eca413a308f4079dab99c521f879fb8f96e9bb79,CIRCUIT_Opamp->VSS->M_BS->NM35->M_DG->NET4->M_G->NM5->M_D->VOUT1->M_D->PM17->M_B->NET5->M_B->PM8->M_S->NET1->M_S->PM17->M_G->VIN2->M_G->PM17->M_D->VOUT1->M_D->NM5->M_BS->VSS->M_BS->NM5->M_BS->VSS->R_C->R9->R_C->NET3->R_C->R2->R_C->VSS->M_BS->NM5->M_D->VOUT1->M_D->PM17->M_S->NET1->M_D->PM8->M_G->NET2->M_DG->PM20->M_BS->VDD->M_BS->PM12->M_DG->NET6->M_D->NM18->M_G->NET3->M_DG->NM31->M_BS->VSS->M_BS->NM18->M_D->NET6->M_G->PM12->M_BS->VDD->M_BS->PM12->M_G->NET6->M_D->NM18->M_G->NET3->M_G->NM18->M_D->NET6->M_G->PM12->M_D->NET6->M_D->NM18->M_BS->VSS,,,,,,,,
fc57ed292b2a11696eee91ca9146f73eb52d1f17,CIRCUIT_Opamp->VSS->M_BS->PM30->M_G->NET1->M_D->NM16->M_BS->VSS->C_C->C3->C_C->NET1->M_D->PM30->M_G->NET1->M_D->NM16->M_G->VIN1->M_G->NM16->M_D->NET1->C_C->C7->C_C->VSS->M_BS->NM16->M_BS->VSS->M_B->NM33->M_S->IB1->M_S->NM33->M_B->VSS->M_BS->NM29->M_G->VB1->M_G->NM29->M_D->VOUT1->R_C->R1->R_C->VDD->R_C->R2->R_C->VOUT1->C_C->C4->C_C->VSS->C_C->C13->C_C->NET2->M_G->PM22->M_BS->VDD->M_BS->PM22->M_D->NET2->M_D->NM33->M_G->VIN2->M_G->NM33->M_B->VSS,,,,,,,,
ef4ea86e38af23885b6b2fd2b351c83d78846655,CIRCUIT_Opamp->VSS->M_GS->NM29->M_G->VSS->M_BS->NM24->M_G->NET1->C_C->C9->C_C->VSS->M_B->NM14->M_S->IB2->M_S->NM14->M_D->NET1->M_D->NM14->M_G->VIN1->M_G->NM14->M_B->VSS->C_C->C1->C_C->VOUT1->M_D->PM3->M_G->NET2->M_DG->PM17->M_BS->VDD->M_G->PM14->M_D->NET1->C_C->C3->C_C->VSS->C_C->C4->C_C->VOUT1->M_D->NM24->M_D->VOUT1->M_D->PM3->M_BS->VDD->M_BS->PM14->M_BS->VDD->M_BS->PM3->M_G->NET2->M_D->NM29->M_B->VSS,,,,,,,,
41d0bc07f925befac8541f8dbc297267adeed38c,CIRCUIT_Opamp->VSS->B_BCE->PNP25->B_E->VSS->M_B->NM3->M_G->VB1->M_G->NM3->M_B->VSS->M_B->NM35->M_S->NET1->M_S->NM35->M_D->VOUT1->R_C->R11->R_C->VDD->R_C->R26->R_C->VOUT1->M_D->NM35->M_G->VIN2->M_G->NM35->M_S->NET1->M_S->NM3->M_D->VOUT2->M_D->NM3->M_S->NET1->M_D->NM17->M_BS->VSS->M_B->NM35->M_D->VOUT1->M_D->NM35->M_B->VSS->M_B->NM3->M_S->NET1->M_D->NM17->M_G->VB2->M_G->NM17->M_BS->VSS,,,,,,,,
500ccd1d6eb10449a37129fe1960c4d5f4960089,CIRCUIT_Opamp->VSS->M_BD->NM32->M_D->VSS->M_B->NM27->M_D->VOUT1->R_C->R27->R_C->VDD->R_C->R24->R_C->VOUT1->M_D->NM27->M_G->VB1->M_G->NM27->M_S->IB1->M_S->NM32->M_G->VIN1->M_G->NM32->M_B->VSS,,,,,,,,
375c69c5f232f64546784456798004b65e419c1c,CIRCUIT_Opamp->VSS->B_BC->PNP3->B_E->NET2->M_S->NM29->M_G->IB1->M_G->NM4->M_S->NET3->R_C->R25->R_C->VIN1->R_C->R11->R_C->NET3->L_C->L10->L_C->VSS->M_B->NM29->M_D->VDD->M_BS->PM10->M_G->NET1->M_D->NM4->M_B->VSS->M_B->NM4->M_D->NET1->C_C->C4->C_C->NET3->L_C->L24->L_C->VSS->L_C->L19->L_C->NET4->M_S->NM27->M_D->VOUT1->L_C->L8->L_C->VDD->M_D->NM29->M_B->VSS->M_B->NM27->M_G->VDD->M_D->NM29->M_S->NET2->M_S->NM29->M_G->IB1->M_DG->NM6->M_BS->VSS->L_C->L16->L_C->NET3->M_S->NM4->M_G->IB1->M_DG->NM6->M_BS->VSS->M_BS->NM6->M_DG->IB1->C_C->C7->C_C->VSS->L_C->L15->L_C->NET4->L_C->L3->L_C->VSS->M_B->NM27->M_D->VOUT1->M_D->PM10->M_G->NET1->M_DG->PM19->M_BS->VDD->M_D->NM29->M_B->VSS,,,,,,,,
fd1a571211f5ca49f2b89d79e0256948924df77f,CIRCUIT_Opamp->VSS->L_C->L19->L_C->NET3->M_S->NM23->M_D->NET4->M_S->NM35->M_D->VOUT1->C_C->C7->C_C->VDD->C_C->C9->C_C->VOUT1->M_D->NM35->M_G->VDD->L_C->L7->L_C->VOUT1->M_D->NM35->M_G->VDD->R_C->R11->R_C->VOUT1->M_D->NM35->M_B->VSS->M_B->NM23->M_G->VIN2->M_G->NM23->M_B->VSS,,,,,,,,
8dad5afa82f921c8b5d93407c5154b4d66014495,CIRCUIT_Opamp->VSS->M_D->PM12->M_B->VDD->M_B->PM24->M_G->VIN1->M_S->NM15->M_B->VSS->M_B->NM15->M_G->VIN2->M_G->NM15->M_S->VIN1->M_S->PM12->M_G->VB1->M_G->PM12->M_S->VIN1->M_S->NM15->M_D->VOUT1->M_D->PM24->M_S->VIN2->M_S->PM24->M_D->VOUT1->M_D->NM15->M_B->VSS,,,,,,,,
e20ac1842098923876bc7a07301a759a6706b16b,CIRCUIT_Opamp->VSS->M_BS->PM11->M_DG->NET1->M_D->NM5->M_B->VSS->M_B->NM24->M_S->IB1->M_S->NM5->M_G->VIN2->M_G->NM5->M_S->IB1->M_S->NM24->M_D->NET2->M_G->PM1->M_BS->VDD->M_BS->PM10->M_G->NET2->M_D->NM24->M_G->VIN1->M_G->NM24->M_B->VSS->C_C->C7->C_C->VOUT1->M_G->NM28->M_BS->VSS->C_C->C13->C_C->VOUT2->M_D->PM1->M_G->NET2->M_DG->PM22->M_BS->VDD->M_BS->PM1->M_G->NET2->M_D->NM24->M_B->VSS->M_B->NM24->M_S->IB1->M_S->NM5->M_D->NET1->M_DG->PM11->M_BS->VSS->C_C->C6->C_C->VOUT1->M_D->PM10->M_G->NET2->M_D->NM24->M_B->VSS->M_B->NM24->M_S->IB1->M_S->NM5->M_D->NET1->M_D->NM5->M_B->VSS->M_BS->NM28->M_D->VOUT1->M_D->NM28->M_G->VOUT1->M_D->PM10->M_BS->VDD->M_BS->PM1->M_G->NET2->M_D->NM24->M_B->VSS,,,,,,,,
073228297d006389ab1e42eb8a573cd8285e63b7,CIRCUIT_Opamp->VSS->M_B->NM14->M_S->IB1->M_S->NM20->M_G->VIN2->M_G->NM20->M_S->IB1->M_S->NM14->M_D->VOUT1->M_D->PM35->M_B->VDD->R_C->R2->R_C->NET2->M_S->PM35->M_G->VB2->M_G->PM35->M_S->NET2->R_C->R25->R_C->VDD->M_B->PM35->M_D->VOUT1->C_C->C7->C_C->NET2->C_C->C1->C_C->NET1->R_C->R26->R_C->VIN1->R_C->R27->R_C->NET2->C_C->C13->C_C->IB1->M_S->NM14->M_B->VSS->M_B->NM20->M_D->VOUT2->R_C->R9->R_C->VDD->M_B->PM35->M_D->VOUT1->C_C->C5->C_C->NET1->M_G->NM14->M_B->VSS,,,,,,,,
5291ec2e7edc7816a0eec537c40fd6302884c2e9,CIRCUIT_Opamp->VSS->M_GS->NM35->M_D->VOUT1->R_C->R27->R_C->VDD->R_C->R26->R_C->VOUT1->M_D->NM35->M_B->VSS->M_B->NM9->M_D->VOUT2->C_C->C4->C_C->VSS->C_C->C3->C_C->VOUT2->M_D->NM9->M_S->IB1->M_S->NM9->M_G->VIN2->M_G->NM9->M_S->IB1->M_S->NM9->M_B->VSS,,,,,,,,
1f070342ea397ede2670737b682a9ac86276c21f,CIRCUIT_Opamp->VSS->M_DS->NM32->M_DS->VSS->M_B->NM5->M_S->IB1->M_S->NM16->M_G->VOUT1->M_D->NM5->M_G->VIN1->M_G->NM5->M_D->VOUT1->M_G->PM28->M_D->VOUT1->M_DG->PM23->M_BS->VDD->M_BS->PM28->M_D->VOUT1->M_D->NM5->M_B->VSS->M_B->NM16->M_D->VOUT2->M_DG->PM32->M_BS->VDD->M_BS->PM28->M_G->VOUT1->M_D->NM5->M_B->VSS->M_B->NM32->M_DG->VSS,,,,,,,,
bae955f176c822a7b7fb67975d463c015096cd9d,CIRCUIT_Opamp->VSS->M_BDG->NM29->M_G->VSS->M_BS->NM16->M_D->NET1->M_G->PM10->M_D->VOUT1->M_D->NM28->M_G->NET1->M_D->PM30->M_G->IB1->M_DG->PM24->M_BS->VDD->M_BS->PM10->M_G->NET1->M_D->NM16->M_BS->VSS->M_BS->NM28->M_G->NET1->M_D->PM30->M_G->IB1->M_G->PM2->M_D->VOUT1->M_D->NM28->M_BS->VSS->M_BS->NM16->M_G->VIN1->M_G->NM16->M_D->NET1->M_D->PM30->M_BS->VDD->M_BS->PM2->M_G->IB1->M_G->PM30->M_D->NET1->C_C->C1->C_C->VSS->M_BS->NM29->M_D->VSS,,,,,,,,
8ad3909ac31df89b4c1136ce8e76d39fddd4a471,CIRCUIT_Opamp->VSS->D_N->DIO7->D_P->NET5->M_DG->NM16->M_BS->VSS->C_C->C7->C_C->VOUT1->M_D->PM22->M_G->NET3->M_D->NM33->M_B->VSS->M_B->NM33->M_D->NET3->M_DG->PM7->M_BS->VDD->R_C->R26->R_C->NET5->R_C->R6->R_C->VIN1->R_C->R2->R_C->NET5->M_G->NM33->M_S->NET4->M_D->NM6->M_G->NET1->M_DG->NM22->M_BS->VSS->M_B->NM33->M_D->NET3->M_G->PM23->M_BS->VDD->M_BS->PM22->M_G->NET3->M_D->NM33->M_B->VSS->M_B->NM6->M_S->NET4->M_S->NM33->M_G->NET5->M_DG->NM16->M_BS->VSS->M_BS->NM1->M_G->NET2->M_DG->NM1->M_BS->VSS->M_BS->NM11->M_DG->NET2->M_D->PM23->M_D->NET2->M_G->NM1->M_BS->VSS,,,,,,,,
a46bcec9ce7063f471f4411d61dd77e7d70f1556,CIRCUIT_Opamp->VSS->C_C->C12->C_C->IB1->M_D->NM5->M_G->NET2->R_C->R2->R_C->VIN1->R_C->R21->R_C->NET2->M_G->NM5->M_BS->VSS->M_B->NM5->M_S->VSS->M_B->NM5->M_S->VSS->M_B->NM34->M_D->VOUT1->L_C->L16->L_C->VDD->R_C->R24->R_C->VOUT1->M_D->NM34->M_G->VB1->M_G->NM34->M_S->NET1->M_D->NM21->M_G->VB2->M_G->NM21->M_BS->VSS,,,,,,,,
768fffed4983cb725c2447e5ad1205e1e4766994,CIRCUIT_Opamp->VSS->M_S->NM3->M_D->NET1->M_G->PM31->M_D->NET2->M_S->PM23->M_B->VDD->M_B->PM32->M_D->VOUT1->M_D->NM35->M_S->NET2->M_S->NM35->M_G->VB1->M_G->NM3->M_B->VSS->M_B->NM35->M_D->VOUT1->M_D->PM23->M_G->NET1->M_D->NM3->M_B->VSS->M_B->NM35->M_D->VOUT1->M_D->PM32->M_G->NET1->M_D->NM3->M_B->VSS->M_B->NM35->M_D->VOUT1->M_D->PM32->M_BS->VDD->M_BS->PM31->M_G->NET1->M_DG->PM4->M_BS->VDD->M_B->PM23->M_D->VOUT1->M_D->NM35->M_B->VSS->M_BS->NM3->M_G->VB1->M_G->NM3->M_B->VSS->M_BS->NM21->M_DG->IB1->M_G->NM21->M_BS->VSS->R_C->R22->R_C->VIN1->R_C->R2->R_C->IB1->M_G->NM21->M_BS->VSS,,,,,,,,
13168cc1176c66ff0a418978139fbac92f92af83,CIRCUIT_Opamp->VSS->L_C->L5->L_C->NET3->R_C->R9->R_C->VIN1->R_C->R27->R_C->NET3->C_C->C1->C_C->NET1->M_S->NM35->M_G->IB1->M_G->NM35->M_S->NET1->L_C->L13->L_C->VSS->C_C->C3->C_C->NET1->M_S->NM35->M_B->VSS->C_C->C7->C_C->VOUT1->L_C->L24->L_C->VDD->L_C->L19->L_C->VOUT1->M_D->NM35->M_B->VSS,,,,,,,,
483922ca10ade93ca46ee60662dfd49a61f0c9a8,CIRCUIT_Opamp->VSS->M_BS->NM32->M_D->NET3->M_S->NM13->M_G->VB1->M_G->NM1->M_D->VOUT1->M_D->PM24->M_BS->NET1->M_D->PM34->M_G->VB3->M_G->PM24->M_D->VOUT1->C_C->C1->C_C->VSS->M_BS->NM32->M_G->VB4->M_G->NM32->M_BS->VSS->M_B->NM13->M_D->VOUT1->M_D->PM24->M_BS->NET1->M_D->PM34->M_D->NET1->M_BS->PM24->M_D->VOUT1->M_D->NM1->M_B->VSS->C_C->C2->C_C->VOUT1->C_C->C7->C_C->VSS->M_B->NM13->M_D->VOUT1->M_D->PM24->M_BS->NET1->M_D->PM34->M_BS->VDD->M_B->PM34->M_S->VDD->M_S->PM34->M_B->VDD->C_C->C3->C_C->VIN1->M_S->NM1->M_B->VSS,,,,,,,,
3c7bbfa71358797ea4d1de88035f6e24873194b0,CIRCUIT_Opamp->VSS->M_BS->PM24->M_G->VB1->M_G->PM12->M_BS->VDD->M_BS->PM1->M_D->VOUT1->C_C->C1->C_C->NET1->M_D->PM12->M_D->NET1->M_D->NM9->M_G->VIN1->M_G->NM9->M_S->NET5->M_D->NM22->M_G->NET3->M_D->PM24->M_D->NET3->M_G->NM22->M_BS->VSS->M_B->NM9->M_S->NET5->M_S->NM9->M_B->VSS->M_BS->NM22->M_D->NET5->M_S->NM9->M_B->VSS->M_B->NM22->M_G->NET3->R_C->R1->R_C->VDD->R_C->R24->R_C->NET4->M_DG->NM24->M_BS->VSS->M_BS->NM22->M_G->NET3->M_G->NM4->M_D->VOUT1->M_D->NM4->M_G->NET3->M_DG->NM25->M_BS->VSS->M_B->NM9->M_D->NET1->M_G->PM1->M_G->NET1->M_D->NM9->M_B->VSS->M_BS->NM4->M_G->NET3->M_G->NM22->M_BS->VSS,,,,,,,,
5e43e95d36fb4eb09c2d8a124c2606fd08ae76b4,CIRCUIT_Opamp->VSS->M_BS->NM9->M_D->NET5->M_G->PM24->M_D->VOUT1->M_D->NM35->M_S->NET4->M_D->NM14->M_G->NET1->M_DG->NM3->M_BS->VSS->M_B->NM35->M_G->VIN1->M_G->NM35->M_S->NET4->M_S->NM24->M_D->NET3->M_DG->PM32->M_BS->VDD->M_BS->PM24->M_D->VOUT1->M_D->NM35->M_S->NET4->M_S->NM24->M_D->NET3->M_G->PM3->M_BS->VDD->M_BS->PM24->M_BS->VDD->M_B->PM32->M_S->VDD->R_C->R26->R_C->NET2->M_DG->NM5->M_BS->VSS->M_BS->NM14->M_G->NET1->M_D->PM3->M_G->NET3->M_D->NM24->M_S->NET4->M_S->NM35->M_D->VOUT1->M_D->PM24->M_G->NET5->M_G->PM24->M_G->NET5->M_DG->PM9->M_DG->NET5->M_DG->PM9->M_BS->VDD->M_BS->PM3->M_D->NET1->M_G->NM14->M_BS->VSS->M_B->NM24->M_G->VIN2->M_G->NM24->M_B->VSS->M_BS->NM9->M_G->NET2->M_G->NM9->M_D->NET5->M_D->NM9,,,,,,,,
1f611733581660f120e38ee1e9c3c85ec90947a1,CIRCUIT_Opamp->VSS->M_DS->NM29->M_B->VSS->C_C->C3->C_C->IB1->M_DG->NM33->M_BS->VSS->M_BS->NM16->M_D->VOUT1->R_C->R27->R_C->VDD->R_C->R2->R_C->VOUT1->M_D->NM16->M_BS->VSS->C_C->C1->C_C->NET1->M_G->NM16->M_BS->VSS->C_C->C7->C_C->NET1->M_D->NM21->M_G->VIN1->M_G->NM21->M_S->VIN1->M_D->PM14->M_G->VB1->M_G->PM14->M_D->VIN1->M_G->NM29->M_D->VSS->M_BS->NM16->M_G->NET1->C_C->C13->C_C->VSS->M_BS->NM16->M_G->NET1->C_C->C9->C_C->VSS->M_BS->NM16->M_G->NET1->C_C->C16->C_C->VSS->M_BS->NM16->M_G->NET1->M_G->NM16->M_D->VOUT1->R_C->R13->R_C->VDD->M_BS->PM14->M_D->VIN1->M_S->NM21->M_B->VSS,,,,,,,,
9bb012863accf5e02b690340a3d8dd74c3895a94,CIRCUIT_Opamp->VSS->M_BDG->NM29->M_G->VSS->C_C->C13->C_C->NET1->R_C->R11->R_C->VOUT1->M_D->PM14->M_G->NET1->C_C->C9->C_C->VSS->M_BS->NM29->M_D->VSS->M_BS->NM14->M_DG->IB1->C_C->C11->C_C->VSS->M_BS->NM29->M_G->VSS->C_C->C7->C_C->NET2->R_C->R24->R_C->VIN1->R_C->R21->R_C->NET2->C_C->C1->C_C->VSS->M_BS->NM29->M_D->VSS->M_BS->NM29->M_D->VSS->C_C->C3->C_C->VOUT1->R_C->R25->R_C->VDD->R_C->R27->R_C->VOUT1->M_D->PM14->M_BS->VDD->M_BS->PM14->M_G->NET1->M_G->PM14->M_D->VOUT1->M_D->PM14->M_G->NET1->C_C->C4->C_C->VSS,,,,,,,,
343a3968384ed90eb49ee55c7ca3b0b660823a67,CIRCUIT_Opamp->VSS->D_N->DIO7->D_P->NET2->M_S->NM16->M_G->VIN1->M_G->NM16->M_B->VSS->M_B->NM16->M_D->VOUT1->M_DG->PM24->M_BS->VDD->M_BS->PM25->M_G->VOUT2->M_D->PM30->M_G->NET1->M_G->PM30->M_D->VOUT2->M_D->NM23->M_B->VSS->M_B->NM16->M_D->VOUT1->M_D->NM16->M_B->VSS->M_B->NM23->M_S->IB1->M_S->NM23->M_G->VIN2->M_G->NM23->M_D->VOUT2->M_D->NM23->M_B->VSS->M_B->NM16->M_S->NET2->M_S->NM16->M_D->VOUT1->M_D->PM25->M_D->VOUT1->M_D->NM16->M_B->VSS->M_B->NM23->M_D->VOUT2->M_D->NM23->M_B->VSS->M_B->NM16->M_D->VOUT1->M_D->NM16->M_B->VSS->R_C->R11->R_C->NET1->M_DG->PM20->M_BS->VDD->M_BS->PM30->M_D->VOUT2->M_D->NM23->M_B->VSS,,,,,,,,
068e3940254822216cd547f1d987534cf86c5396,CIRCUIT_Opamp->VSS->M_BS->NM9->M_G->NET4->M_DG->NM29->M_BS->VSS->M_BS->NM16->M_DG->VB1->M_G->NM22->M_D->NET1->M_DG->PM1->M_BS->VDD->M_BS->PM29->M_D->NET3->M_S->PM24->M_B->NET5->M_B->PM33->M_G->VIN1->M_G->PM33->M_S->NET3->M_S->PM33->M_D->NET4->M_G->NM9->M_BS->VSS->M_BS->NM22->M_D->NET1->M_G->PM29->M_D->NET3->M_D->PM29->M_G->NET1->M_D->NM22->M_BS->VSS->M_BS->NM9->M_D->VOUT1->M_D->NM9->M_D->VOUT1->M_D->PM24->M_G->VIN2->M_G->PM24->M_D->VOUT1->M_D->NM9->M_BS->VSS,,,,,,,,
8fa5ab75f2f2db994915f8b4eaf068cc61bce09c,CIRCUIT_Opamp->VSS->L_C->L8->L_C->NET1->M_S->NM6->M_D->VOUT1->M_D->PM24->M_G->VB1->M_G->PM24->M_BS->VDD->M_BS->PM24->M_D->VOUT1->M_D->NM6->M_B->VSS->R_C->R27->R_C->NET1->M_S->NM6->M_G->VIN1->M_G->NM6->M_B->VSS,,,,,,,,
732231b2e2000831f0d7ec85581a4b59988b4406,CIRCUIT_Opamp->VSS->M_DGS->NM28->M_G->VSS->M_B->NM3->M_G->NET1->M_D->PM23->M_B->VDD->M_BS->PM25->M_DG->NET2->M_G->PM23->M_S->IB1->M_S->PM10->M_G->VIN1->M_G->PM10->M_D->NET1->M_G->NM3->M_D->VOUT1->M_D->NM3->M_S->IB1->M_S->NM35->M_G->VIN2->M_G->NM35->M_B->VSS->M_B->NM35->M_D->NET2->M_G->PM23->M_S->IB1->M_S->PM23->M_G->NET2->M_DG->PM25->M_BS->VDD->M_B->PM10->M_D->NET1->M_G->NM3->M_B->VSS->M_BS->NM28->M_D->VSS,,,,,,,,
