,C1,C2,C3,DIO1,L1,NET1,NET10,NET11,NET12,NET13,NET14,NET15,NET16,NET17,NET18,NET19,NET2,NET3,NET4,NET5,NET6,NET7,NET8,NET9,NM1,NM10,NM11,NM12,NM13,NM14,NM15,NM16,NM2,NM3,NM4,NM5,NM6,NM7,NM8,NM9,PM1,PM10,PM11,PM12,PM13,PM14,PM15,PM16,PM17,PM18,PM2,PM3,PM4,PM5,PM6,PM7,PM8,PM9,R1,R2,VB1,VB2,VB3,VCONT1,VCONT2,VCONT3,VCONT4,VCONT5,VDD,VIN1,VOUT1,VREF1,VSS
C1,0,0,0,0,0,0,0,0,0,0,0,0,0,0,0,0,0,0,0,0,0,0,0,0,0,0,0,0,0,0,0,0,0,0,0,0,0,0,0,0,0,0,0,0,0,0,0,0,0,0,0,0,0,0,0,0,0,0,0,0,0,0,0,0,0,0,0,0,0,0,C_C,0,C_C
C2,0,0,0,0,0,0,0,0,0,0,0,0,0,C_C,0,0,0,0,0,0,0,0,0,0,0,0,0,0,0,0,0,0,0,0,0,0,0,0,0,0,0,0,0,0,0,0,0,0,0,0,0,0,0,0,0,0,0,0,0,0,0,0,0,0,0,0,0,0,0,0,C_C,0,0
C3,0,0,0,0,0,0,0,0,0,0,0,C_C,0,0,0,0,0,0,0,0,0,0,0,C_C,0,0,0,0,0,0,0,0,0,0,0,0,0,0,0,0,0,0,0,0,0,0,0,0,0,0,0,0,0,0,0,0,0,0,0,0,0,0,0,0,0,0,0,0,0,0,0,0,0
DIO1,0,0,0,0,0,0,0,0,0,0,0,0,0,D_P,0,0,0,0,0,0,0,0,0,D_N,0,0,0,0,0,0,0,0,0,0,0,0,0,0,0,0,0,0,0,0,0,0,0,0,0,0,0,0,0,0,0,0,0,0,0,0,0,0,0,0,0,0,0,0,0,0,0,0,0
L1,0,0,0,0,0,0,0,0,L_C,0,0,L_C,0,0,0,0,0,0,0,0,0,0,0,0,0,0,0,0,0,0,0,0,0,0,0,0,0,0,0,0,0,0,0,0,0,0,0,0,0,0,0,0,0,0,0,0,0,0,0,0,0,0,0,0,0,0,0,0,0,0,0,0,0
NET1,0,0,0,0,0,0,0,0,0,0,0,0,0,0,0,0,0,0,0,0,0,0,0,0,0,M_DG,0,0,0,0,0,0,0,0,0,0,0,0,M_G,0,0,0,0,0,0,0,0,0,0,0,0,0,0,0,0,0,0,M_D,0,0,0,0,0,0,0,0,0,0,0,0,0,0,0
NET10,0,0,0,0,0,0,0,0,0,0,0,0,0,0,0,0,0,0,0,0,0,0,0,0,0,0,0,0,0,0,0,0,M_D,0,0,0,0,0,0,0,M_G,0,0,0,0,0,0,0,0,0,M_DG,0,0,0,0,0,0,0,0,0,0,0,0,0,0,0,0,0,0,0,0,0,0
NET11,0,0,0,0,0,0,0,0,0,0,0,0,0,0,0,0,0,0,0,0,0,0,0,0,0,0,0,0,0,M_D,0,0,0,0,0,0,0,0,0,0,0,0,0,M_G,M_DG,0,0,0,0,0,0,0,0,0,0,0,0,0,0,0,0,0,0,0,0,0,0,0,0,0,0,0,0
NET12,0,0,0,0,L_C,0,0,0,0,0,0,0,0,0,0,0,0,0,0,0,0,0,0,0,0,0,0,0,0,0,0,M_D,0,0,0,0,0,0,0,0,0,0,0,0,0,0,M_D,0,0,0,0,0,0,0,0,0,0,0,0,0,0,0,0,0,0,0,0,0,0,0,0,0,0
NET13,0,0,0,0,0,0,0,0,0,0,0,0,0,0,0,0,0,0,0,0,0,0,0,0,0,0,0,0,0,0,0,0,0,0,0,0,0,0,0,0,0,0,0,0,0,0,0,0,0,0,0,M_B,M_B,0,0,0,0,0,0,0,0,0,0,0,0,0,0,0,0,0,0,0,0
NET14,0,0,0,0,0,0,0,0,0,0,0,0,0,0,0,0,0,0,0,0,0,0,0,0,0,0,0,0,M_D,M_G,M_DG,0,0,0,0,0,0,0,0,0,0,0,0,0,0,M_D,0,0,0,0,0,0,0,0,0,0,0,0,0,0,0,0,0,0,0,0,0,0,0,0,0,0,0
NET15,0,0,C_C,0,L_C,0,0,0,0,0,0,0,0,0,0,0,0,0,0,0,0,0,0,0,0,0,0,0,0,0,0,0,0,0,0,0,0,0,0,0,0,0,0,M_D,0,0,0,0,M_D,0,0,0,0,0,0,0,0,0,0,0,0,0,0,0,0,0,0,0,0,0,0,0,0
NET16,0,0,0,0,0,0,0,0,0,0,0,0,0,0,0,0,0,0,0,0,0,0,0,0,0,0,0,0,0,0,0,0,0,0,0,0,0,0,0,0,0,0,0,0,0,0,0,0,0,0,0,M_G,0,0,0,0,0,0,R_C,R_C,0,0,0,0,0,0,0,0,0,0,0,0,0
NET17,0,C_C,0,D_P,0,0,0,0,0,0,0,0,0,0,0,0,0,0,0,0,0,0,0,0,0,0,0,0,0,0,0,0,0,0,0,0,0,0,0,0,0,0,0,0,0,0,0,0,0,0,0,0,0,0,0,0,0,0,0,0,0,0,0,0,0,0,0,0,0,0,0,0,0
NET18,0,0,0,0,0,0,0,0,0,0,0,0,0,0,0,0,0,0,0,0,0,0,0,0,M_D,0,0,0,0,0,0,0,0,0,0,0,0,0,0,0,M_D,0,0,0,0,M_G,0,0,0,0,0,0,0,0,0,0,0,0,0,0,0,0,0,0,0,0,0,0,0,0,0,0,0
NET19,0,0,0,0,0,0,0,0,0,0,0,0,0,0,0,0,0,0,0,0,0,0,0,0,M_G,0,0,0,0,0,0,0,0,M_DG,0,0,0,0,0,0,0,0,0,0,0,0,0,0,0,0,0,M_D,0,0,0,0,0,0,0,0,0,0,0,0,0,0,0,0,0,0,0,0,0
NET2,0,0,0,0,0,0,0,0,0,0,0,0,0,0,0,0,0,0,0,0,0,0,0,0,0,0,0,0,0,0,0,0,0,0,0,0,0,0,0,0,0,0,0,M_BS,M_BS,M_BS,0,0,0,M_D,0,0,0,0,0,0,0,0,0,0,0,0,0,0,0,0,0,0,0,0,0,0,0
NET3,0,0,0,0,0,0,0,0,0,0,0,0,0,0,0,0,0,0,0,0,0,0,0,0,0,0,0,0,0,0,0,0,0,0,0,0,0,M_D,M_S,M_S,0,0,0,0,0,0,0,0,0,0,0,0,0,0,0,0,0,0,0,0,0,0,0,0,0,0,0,0,0,0,0,0,0
NET4,0,0,0,0,0,0,0,0,0,0,0,0,0,0,0,0,0,0,0,0,0,0,0,0,0,0,0,0,0,0,0,0,0,0,0,0,0,M_G,0,M_DG,0,0,0,0,0,0,0,0,0,0,0,0,0,0,0,0,M_D,0,0,0,0,0,0,0,0,0,0,0,0,0,0,0,0
NET5,0,0,0,0,0,0,0,0,0,0,0,0,0,0,0,0,0,0,0,0,0,0,0,0,0,M_S,0,M_G,0,0,0,0,0,0,0,0,0,0,M_D,0,0,0,0,0,0,0,0,0,0,0,0,0,0,0,0,0,0,0,0,0,0,0,0,0,0,0,0,0,0,0,0,0,0
NET6,0,0,0,0,0,0,0,0,0,0,0,0,0,0,0,0,0,0,0,0,0,0,0,0,0,0,0,0,0,0,0,0,0,0,0,M_D,0,0,0,0,0,0,0,0,0,0,0,0,0,0,0,0,0,M_G,M_DG,0,0,0,0,0,0,0,0,0,0,0,0,0,0,0,0,0,0
NET7,0,0,0,0,0,0,0,0,0,0,0,0,0,0,0,0,0,0,0,0,0,0,0,0,0,0,0,M_D,0,0,0,0,0,0,0,0,0,0,0,0,0,M_G,M_DG,0,0,0,0,0,0,0,0,0,0,0,0,M_G,M_G,M_G,0,0,0,0,0,0,0,0,0,0,0,0,0,0,0
NET8,0,0,0,0,0,0,0,0,0,0,0,0,0,0,0,0,0,0,0,0,0,0,0,0,0,0,0,0,0,0,0,0,0,0,0,0,0,0,0,0,0,0,0,0,0,0,0,0,0,0,0,M_S,M_S,M_D,0,0,0,0,0,0,0,0,0,0,0,0,0,0,0,0,0,0,0
NET9,0,0,C_C,D_N,0,0,0,0,0,0,0,0,0,0,0,0,0,0,0,0,0,0,0,0,0,0,0,0,0,0,0,0,M_G,0,M_DG,0,0,0,0,0,0,0,0,0,0,0,0,M_D,0,0,0,0,M_D,0,0,0,0,0,0,0,0,0,0,0,0,0,0,0,0,0,0,0,0
NM1,0,0,0,0,0,0,0,0,0,0,0,0,0,0,M_D,M_G,0,0,0,0,0,0,0,0,0,0,0,0,0,0,0,0,0,0,0,0,0,0,0,0,0,0,0,0,0,0,0,0,0,0,0,0,0,0,0,0,0,0,0,0,0,0,0,0,0,0,0,0,0,0,0,0,M_BS
NM10,0,0,0,0,0,M_DG,0,0,0,0,0,0,0,0,0,0,0,0,0,M_S,0,0,0,0,0,0,0,0,0,0,0,0,0,0,0,0,0,0,0,0,0,0,0,0,0,0,0,0,0,0,0,0,0,0,0,0,0,0,0,0,0,0,0,0,0,0,0,0,0,0,0,0,M_B
NM11,0,0,0,0,0,0,0,0,0,0,0,0,0,0,0,0,0,0,0,0,0,0,0,0,0,0,0,0,0,0,0,0,0,0,0,0,0,0,0,0,0,0,0,0,0,0,0,0,0,0,0,0,0,0,0,0,0,0,0,0,0,M_DG,0,0,0,0,0,0,0,0,0,0,M_BS
NM12,0,0,0,0,0,0,0,0,0,0,0,0,0,0,0,0,0,0,0,M_G,0,M_D,0,0,0,0,0,0,0,0,0,0,0,0,0,0,0,0,0,0,0,0,0,0,0,0,0,0,0,0,0,0,0,0,0,0,0,0,0,0,0,0,0,0,0,0,0,0,0,0,0,0,M_BS
NM13,0,0,0,0,0,0,0,0,0,0,M_D,0,0,0,0,0,0,0,0,0,0,0,0,0,0,0,0,0,0,0,0,0,0,0,0,0,0,0,0,0,0,0,0,0,0,0,0,0,0,0,0,0,0,0,0,0,0,0,0,0,0,0,M_G,0,0,0,0,0,0,0,0,0,M_BS
NM14,0,0,0,0,0,0,0,M_D,0,0,M_G,0,0,0,0,0,0,0,0,0,0,0,0,0,0,0,0,0,0,0,0,0,0,0,0,0,0,0,0,0,0,0,0,0,0,0,0,0,0,0,0,0,0,0,0,0,0,0,0,0,0,0,0,0,0,0,0,0,0,0,0,0,M_BS
NM15,0,0,0,0,0,0,0,0,0,0,M_DG,0,0,0,0,0,0,0,0,0,0,0,0,0,0,0,0,0,0,0,0,0,0,0,0,0,0,0,0,0,0,0,0,0,0,0,0,0,0,0,0,0,0,0,0,0,0,0,0,0,0,0,0,0,0,0,0,0,0,0,0,0,M_BS
NM16,0,0,0,0,0,0,0,0,M_D,0,0,0,0,0,0,0,0,0,0,0,0,0,0,0,0,0,0,0,0,0,0,0,0,0,0,0,0,0,0,0,0,0,0,0,0,0,0,0,0,0,0,0,0,0,0,0,0,0,0,0,0,0,0,0,0,0,M_G,0,0,0,0,0,M_BS
NM2,0,0,0,0,0,0,M_D,0,0,0,0,0,0,0,0,0,0,0,0,0,0,0,0,M_G,0,0,0,0,0,0,0,0,0,0,0,0,0,0,0,0,0,0,0,0,0,0,0,0,0,0,0,0,0,0,0,0,0,0,0,0,0,0,0,0,0,0,0,0,0,0,0,0,M_BS
NM3,0,0,0,0,0,0,0,0,0,0,0,0,0,0,0,M_DG,0,0,0,0,0,0,0,0,0,0,0,0,0,0,0,0,0,0,0,0,0,0,0,0,0,0,0,0,0,0,0,0,0,0,0,0,0,0,0,0,0,0,0,0,0,0,0,0,0,0,0,0,0,0,0,0,M_BS
NM4,0,0,0,0,0,0,0,0,0,0,0,0,0,0,0,0,0,0,0,0,0,0,0,M_DG,0,0,0,0,0,0,0,0,0,0,0,0,0,0,0,0,0,0,0,0,0,0,0,0,0,0,0,0,0,0,0,0,0,0,0,0,0,0,0,0,0,0,0,0,0,0,0,0,M_BS
NM5,0,0,0,0,0,0,0,0,0,0,0,0,0,0,0,0,0,0,0,0,M_D,0,0,0,0,0,0,0,0,0,0,0,0,0,0,0,0,0,0,0,0,0,0,0,0,0,0,0,0,0,0,0,0,0,0,0,0,0,0,0,M_G,0,0,0,0,0,0,0,0,0,0,0,M_BS
NM6,0,0,0,0,0,0,0,0,0,0,0,0,0,0,0,0,0,0,0,0,0,0,0,0,0,0,0,0,0,0,0,0,0,0,0,0,0,0,0,0,0,0,0,0,0,0,0,0,0,0,0,0,0,0,0,0,0,0,0,0,M_DG,0,0,0,0,0,0,0,0,0,0,0,M_BS
NM7,0,0,0,0,0,0,0,0,0,0,0,0,0,0,0,0,0,M_D,M_G,0,0,0,0,0,0,0,0,0,0,0,0,0,0,0,0,0,0,0,0,0,0,0,0,0,0,0,0,0,0,0,0,0,0,0,0,0,0,0,0,0,0,M_S,0,0,0,0,0,0,0,0,0,0,M_B
NM8,0,0,0,0,0,M_G,0,0,0,0,0,0,0,0,0,0,0,M_S,0,M_D,0,0,0,0,0,0,0,0,0,0,0,0,0,0,0,0,0,0,0,0,0,0,0,0,0,0,0,0,0,0,0,0,0,0,0,0,0,0,0,0,0,0,0,0,0,0,0,0,0,0,0,0,M_B
NM9,0,0,0,0,0,0,0,0,0,0,0,0,0,0,0,0,0,M_S,M_DG,0,0,0,0,0,0,0,0,0,0,0,0,0,0,0,0,0,0,0,0,0,0,0,0,0,0,0,0,0,0,0,0,0,0,0,0,0,0,0,0,0,0,0,0,0,0,0,0,0,0,0,0,0,M_B
PM1,0,0,0,0,0,0,M_G,0,0,0,0,0,0,0,M_D,0,0,0,0,0,0,0,0,0,0,0,0,0,0,0,0,0,0,0,0,0,0,0,0,0,0,0,0,0,0,0,0,0,0,0,0,0,0,0,0,0,0,0,0,0,0,0,0,0,0,0,0,0,M_BS,0,0,0,0
PM10,0,0,0,0,0,0,0,0,0,0,0,0,0,0,0,0,0,0,0,0,0,M_G,0,0,0,0,0,0,0,0,0,0,0,0,0,0,0,0,0,0,0,0,0,0,0,0,0,0,0,0,0,0,0,0,0,0,0,0,0,0,0,M_D,0,0,0,0,0,0,M_BS,0,0,0,0
PM11,0,0,0,0,0,0,0,0,0,0,0,0,0,0,0,0,0,0,0,0,0,M_DG,0,0,0,0,0,0,0,0,0,0,0,0,0,0,0,0,0,0,0,0,0,0,0,0,0,0,0,0,0,0,0,0,0,0,0,0,0,0,0,0,0,0,0,0,0,0,M_BS,0,0,0,0
PM12,0,0,0,0,0,0,0,M_G,0,0,0,M_D,0,0,0,0,M_BS,0,0,0,0,0,0,0,0,0,0,0,0,0,0,0,0,0,0,0,0,0,0,0,0,0,0,0,0,0,0,0,0,0,0,0,0,0,0,0,0,0,0,0,0,0,0,0,0,0,0,0,0,0,0,0,0
PM13,0,0,0,0,0,0,0,M_DG,0,0,0,0,0,0,0,0,M_BS,0,0,0,0,0,0,0,0,0,0,0,0,0,0,0,0,0,0,0,0,0,0,0,0,0,0,0,0,0,0,0,0,0,0,0,0,0,0,0,0,0,0,0,0,0,0,0,0,0,0,0,0,0,0,0,0
PM14,0,0,0,0,0,0,0,0,0,0,M_D,0,0,0,M_G,0,M_BS,0,0,0,0,0,0,0,0,0,0,0,0,0,0,0,0,0,0,0,0,0,0,0,0,0,0,0,0,0,0,0,0,0,0,0,0,0,0,0,0,0,0,0,0,0,0,0,0,0,0,0,0,0,0,0,0
PM15,0,0,0,0,0,0,0,0,M_D,0,0,0,0,0,0,0,0,0,0,0,0,0,0,0,0,0,0,0,0,0,0,0,0,0,0,0,0,0,0,0,0,0,0,0,0,0,0,0,0,0,0,0,0,0,0,0,0,0,0,0,0,0,0,0,0,0,0,M_G,0,0,M_BS,0,0
PM16,0,0,0,0,0,0,0,0,0,0,0,0,0,0,0,0,0,0,0,0,0,0,0,M_D,0,0,0,0,0,0,0,0,0,0,0,0,0,0,0,0,0,0,0,0,0,0,0,0,0,0,0,0,0,0,0,0,0,0,0,0,0,0,0,0,0,M_G,0,0,0,M_BS,0,0,0
PM17,0,0,0,0,0,0,0,0,0,0,0,M_D,0,0,0,0,0,0,0,0,0,0,0,0,0,0,0,0,0,0,0,0,0,0,0,0,0,0,0,0,0,0,0,0,0,0,0,0,0,0,0,0,0,0,0,0,0,0,0,0,0,0,0,0,M_G,0,0,0,0,M_BS,0,0,0
PM18,0,0,0,0,0,0,0,0,0,0,0,0,0,0,0,0,M_D,0,0,0,0,0,0,0,0,0,0,0,0,0,0,0,0,0,0,0,0,0,0,0,0,0,0,0,0,0,0,0,0,0,0,0,0,0,0,0,0,0,0,0,0,0,0,M_G,0,0,0,0,0,M_BS,0,0,0
PM2,0,0,0,0,0,0,M_DG,0,0,0,0,0,0,0,0,0,0,0,0,0,0,0,0,0,0,0,0,0,0,0,0,0,0,0,0,0,0,0,0,0,0,0,0,0,0,0,0,0,0,0,0,0,0,0,0,0,0,0,0,0,0,0,0,0,0,0,0,0,M_BS,0,0,0,0
PM3,0,0,0,0,0,0,0,0,0,M_B,0,0,M_G,0,0,M_D,0,0,0,0,0,0,M_S,0,0,0,0,0,0,0,0,0,0,0,0,0,0,0,0,0,0,0,0,0,0,0,0,0,0,0,0,0,0,0,0,0,0,0,0,0,0,0,0,0,0,0,0,0,0,0,0,0,0
PM4,0,0,0,0,0,0,0,0,0,M_B,0,0,0,0,0,0,0,0,0,0,0,0,M_S,M_D,0,0,0,0,0,0,0,0,0,0,0,0,0,0,0,0,0,0,0,0,0,0,0,0,0,0,0,0,0,0,0,0,0,0,0,0,0,0,0,0,0,0,0,0,0,0,0,M_G,0
PM5,0,0,0,0,0,0,0,0,0,0,0,0,0,0,0,0,0,0,0,0,M_G,0,M_D,0,0,0,0,0,0,0,0,0,0,0,0,0,0,0,0,0,0,0,0,0,0,0,0,0,0,0,0,0,0,0,0,0,0,0,0,0,0,0,0,0,0,0,0,0,M_BS,0,0,0,0
PM6,0,0,0,0,0,0,0,0,0,0,0,0,0,0,0,0,0,0,0,0,M_DG,0,0,0,0,0,0,0,0,0,0,0,0,0,0,0,0,0,0,0,0,0,0,0,0,0,0,0,0,0,0,0,0,0,0,0,0,0,0,0,0,0,0,0,0,0,0,0,M_BS,0,0,0,0
PM7,0,0,0,0,0,0,0,0,0,0,0,0,0,0,0,0,0,0,0,0,0,M_G,0,0,0,0,0,0,0,0,0,0,0,0,0,0,0,0,0,0,0,0,0,0,0,0,0,0,0,0,0,0,0,0,0,0,0,0,0,0,M_D,0,0,0,0,0,0,0,M_BS,0,0,0,0
PM8,0,0,0,0,0,0,0,0,0,0,0,0,0,0,0,0,0,0,M_D,0,0,M_G,0,0,0,0,0,0,0,0,0,0,0,0,0,0,0,0,0,0,0,0,0,0,0,0,0,0,0,0,0,0,0,0,0,0,0,0,0,0,0,0,0,0,0,0,0,0,M_BS,0,0,0,0
PM9,0,0,0,0,0,M_D,0,0,0,0,0,0,0,0,0,0,0,0,0,0,0,M_G,0,0,0,0,0,0,0,0,0,0,0,0,0,0,0,0,0,0,0,0,0,0,0,0,0,0,0,0,0,0,0,0,0,0,0,0,0,0,0,0,0,0,0,0,0,0,M_BS,0,0,0,0
R1,0,0,0,0,0,0,0,0,0,0,0,0,R_C,0,0,0,0,0,0,0,0,0,0,0,0,0,0,0,0,0,0,0,0,0,0,0,0,0,0,0,0,0,0,0,0,0,0,0,0,0,0,0,0,0,0,0,0,0,0,0,0,0,0,0,0,0,0,0,0,0,0,0,R_C
R2,0,0,0,0,0,0,0,0,0,0,0,0,R_C,0,0,0,0,0,0,0,0,0,0,0,0,0,0,0,0,0,0,0,0,0,0,0,0,0,0,0,0,0,0,0,0,0,0,0,0,0,0,0,0,0,0,0,0,0,0,0,0,0,0,0,0,0,0,0,0,0,R_C,0,0
VB1,0,0,0,0,0,0,0,0,0,0,0,0,0,0,0,0,0,0,0,0,0,0,0,0,0,0,0,0,0,0,0,0,0,0,0,M_G,M_DG,0,0,0,0,0,0,0,0,0,0,0,0,0,0,0,0,0,0,M_D,0,0,0,0,0,0,0,0,0,0,0,0,0,0,0,0,0
VB2,0,0,0,0,0,0,0,0,0,0,0,0,0,0,0,0,0,0,0,0,0,0,0,0,0,0,M_DG,0,0,0,0,0,0,0,0,0,0,M_S,0,0,0,M_D,0,0,0,0,0,0,0,0,0,0,0,0,0,0,0,0,0,0,0,0,0,0,0,0,0,0,0,0,0,0,0
VB3,0,0,0,0,0,0,0,0,0,0,0,0,0,0,0,0,0,0,0,0,0,0,0,0,0,0,0,0,M_G,0,0,0,0,0,0,0,0,0,0,0,0,0,0,0,0,0,0,0,0,0,0,0,0,0,0,0,0,0,0,0,0,0,0,0,0,0,0,0,0,0,0,0,0
VCONT1,0,0,0,0,0,0,0,0,0,0,0,0,0,0,0,0,0,0,0,0,0,0,0,0,0,0,0,0,0,0,0,0,0,0,0,0,0,0,0,0,0,0,0,0,0,0,0,0,0,M_G,0,0,0,0,0,0,0,0,0,0,0,0,0,0,0,0,0,0,0,0,0,0,0
VCONT2,0,0,0,0,0,0,0,0,0,0,0,0,0,0,0,0,0,0,0,0,0,0,0,0,0,0,0,0,0,0,0,0,0,0,0,0,0,0,0,0,0,0,0,0,0,0,0,0,M_G,0,0,0,0,0,0,0,0,0,0,0,0,0,0,0,0,0,0,0,0,0,0,0,0
VCONT3,0,0,0,0,0,0,0,0,0,0,0,0,0,0,0,0,0,0,0,0,0,0,0,0,0,0,0,0,0,0,0,0,0,0,0,0,0,0,0,0,0,0,0,0,0,0,0,M_G,0,0,0,0,0,0,0,0,0,0,0,0,0,0,0,0,0,0,0,0,0,0,0,0,0
VCONT4,0,0,0,0,0,0,0,0,0,0,0,0,0,0,0,0,0,0,0,0,0,0,0,0,0,0,0,0,0,0,0,M_G,0,0,0,0,0,0,0,0,0,0,0,0,0,0,0,0,0,0,0,0,0,0,0,0,0,0,0,0,0,0,0,0,0,0,0,0,0,0,0,0,0
VCONT5,0,0,0,0,0,0,0,0,0,0,0,0,0,0,0,0,0,0,0,0,0,0,0,0,0,0,0,0,0,0,0,0,0,0,0,0,0,0,0,0,0,0,0,0,0,0,M_G,0,0,0,0,0,0,0,0,0,0,0,0,0,0,0,0,0,0,0,0,0,0,0,0,0,0
VDD,0,0,0,0,0,0,0,0,0,0,0,0,0,0,0,0,0,0,0,0,0,0,0,0,0,0,0,0,0,0,0,0,0,0,0,0,0,0,0,0,M_BS,M_BS,M_BS,0,0,0,0,0,0,0,M_BS,0,0,M_BS,M_BS,M_BS,M_BS,M_BS,0,0,0,0,0,0,0,0,0,0,0,0,0,0,0
VIN1,0,0,0,0,0,0,0,0,0,0,0,0,0,0,0,0,0,0,0,0,0,0,0,0,0,0,0,0,0,0,0,0,0,0,0,0,0,0,0,0,0,0,0,0,0,0,0,M_BS,M_BS,M_BS,0,0,0,0,0,0,0,0,0,0,0,0,0,0,0,0,0,0,0,0,0,0,0
VOUT1,C_C,C_C,0,0,0,0,0,0,0,0,0,0,0,0,0,0,0,0,0,0,0,0,0,0,0,0,0,0,0,0,0,0,0,0,0,0,0,0,0,0,0,0,0,0,0,0,M_BS,0,0,0,0,0,0,0,0,0,0,0,0,R_C,0,0,0,0,0,0,0,0,0,0,0,0,0
VREF1,0,0,0,0,0,0,0,0,0,0,0,0,0,0,0,0,0,0,0,0,0,0,0,0,0,0,0,0,0,0,0,0,0,0,0,0,0,0,0,0,0,0,0,0,0,0,0,0,0,0,0,0,M_G,0,0,0,0,0,0,0,0,0,0,0,0,0,0,0,0,0,0,0,0
VSS,C_C,0,0,0,0,0,0,0,0,0,0,0,0,0,0,0,0,0,0,0,0,0,0,0,M_BS,M_B,M_BS,M_BS,M_BS,M_BS,M_BS,M_BS,M_BS,M_BS,M_BS,M_BS,M_BS,M_B,M_B,M_B,0,0,0,0,0,0,0,0,0,0,0,0,0,0,0,0,0,0,R_C,0,0,0,0,0,0,0,0,0,0,0,0,0,0
